country,year,per_allsp.cov_q5_tot
East Asia & Pacific,2023,
East Asia & Pacific,2022,
East Asia & Pacific,2021,
East Asia & Pacific,2020,
East Asia & Pacific,2019,
East Asia & Pacific,2018,
East Asia & Pacific,2017,
East Asia & Pacific,2016,
East Asia & Pacific,2015,
East Asia & Pacific,2014,
East Asia & Pacific,2013,
East Asia & Pacific,2012,
East Asia & Pacific,2011-21W,54.9681790906003
East Asia & Pacific,2011-21S,46.8568391099503
East Asia & Pacific,2011,
East Asia & Pacific,2010,
East Asia & Pacific,2009,
East Asia & Pacific,2008,
East Asia & Pacific,2007,
East Asia & Pacific,2006,
East Asia & Pacific,2005,
East Asia & Pacific,2004,
East Asia & Pacific,2003,
East Asia & Pacific,2002,
East Asia & Pacific,2001,
East Asia & Pacific,2000,
East Asia & Pacific,1999,
East Asia & Pacific,1998,
Europe & Central Asia,2023,
Europe & Central Asia,2022,
Europe & Central Asia,2021,
Europe & Central Asia,2020,
Europe & Central Asia,2019,
Europe & Central Asia,2018,
Europe & Central Asia,2017,
Europe & Central Asia,2016,
Europe & Central Asia,2015,
Europe & Central Asia,2014,
Europe & Central Asia,2013,
Europe & Central Asia,2012,
Europe & Central Asia,2011-21W,52.8330908915022
Europe & Central Asia,2011-21S,50.2886708581741
Europe & Central Asia,2011,
Europe & Central Asia,2010,
Europe & Central Asia,2009,
Europe & Central Asia,2008,
Europe & Central Asia,2007,
Europe & Central Asia,2006,
Europe & Central Asia,2005,
Europe & Central Asia,2004,
Europe & Central Asia,2003,
Europe & Central Asia,2002,
Europe & Central Asia,2001,
Europe & Central Asia,2000,
Europe & Central Asia,1999,
Europe & Central Asia,1998,
High income,2023,
High income,2022,
High income,2021,
High income,2020,
High income,2019,
High income,2018,
High income,2017,
High income,2016,
High income,2015,
High income,2014,
High income,2013,
High income,2012,
High income,2011-21W,61.2850517039138
High income,2011-21S,60.7068993427063
High income,2011,
High income,2010,
High income,2009,
High income,2008,
High income,2007,
High income,2006,
High income,2005,
High income,2004,
High income,2003,
High income,2002,
High income,2001,
High income,2000,
High income,1999,
High income,1998,
Latin America & Caribbean,2023,
Latin America & Caribbean,2022,
Latin America & Caribbean,2021,
Latin America & Caribbean,2020,
Latin America & Caribbean,2019,
Latin America & Caribbean,2018,
Latin America & Caribbean,2017,
Latin America & Caribbean,2016,
Latin America & Caribbean,2015,
Latin America & Caribbean,2014,
Latin America & Caribbean,2013,
Latin America & Caribbean,2012,
Latin America & Caribbean,2011-21W,43.8296572183767
Latin America & Caribbean,2011-21S,47.3152422689601
Latin America & Caribbean,2011,
Latin America & Caribbean,2010,
Latin America & Caribbean,2009,
Latin America & Caribbean,2008,
Latin America & Caribbean,2007,
Latin America & Caribbean,2006,
Latin America & Caribbean,2005,
Latin America & Caribbean,2004,
Latin America & Caribbean,2003,
Latin America & Caribbean,2002,
Latin America & Caribbean,2001,
Latin America & Caribbean,2000,
Latin America & Caribbean,1999,
Latin America & Caribbean,1998,
Low income,2023,
Low income,2022,
Low income,2021,
Low income,2020,
Low income,2019,
Low income,2018,
Low income,2017,
Low income,2016,
Low income,2015,
Low income,2014,
Low income,2013,
Low income,2012,
Low income,2011-21W,17.8656696468869
Low income,2011-21S,17.6415157512585
Low income,2011,
Low income,2010,
Low income,2009,
Low income,2008,
Low income,2007,
Low income,2006,
Low income,2005,
Low income,2004,
Low income,2003,
Low income,2002,
Low income,2001,
Low income,2000,
Low income,1999,
Low income,1998,
Lower middle income,2023,
Lower middle income,2022,
Lower middle income,2021,
Lower middle income,2020,
Lower middle income,2019,
Lower middle income,2018,
Lower middle income,2017,
Lower middle income,2016,
Lower middle income,2015,
Lower middle income,2014,
Lower middle income,2013,
Lower middle income,2012,
Lower middle income,2011-21W,40.2575854278906
Lower middle income,2011-21S,32.4923560785102
Lower middle income,2011,
Lower middle income,2010,
Lower middle income,2009,
Lower middle income,2008,
Lower middle income,2007,
Lower middle income,2006,
Lower middle income,2005,
Lower middle income,2004,
Lower middle income,2003,
Lower middle income,2002,
Lower middle income,2001,
Lower middle income,2000,
Lower middle income,1999,
Lower middle income,1998,
Middle East & North Africa,2023,
Middle East & North Africa,2022,
Middle East & North Africa,2021,
Middle East & North Africa,2020,
Middle East & North Africa,2019,
Middle East & North Africa,2018,
Middle East & North Africa,2017,
Middle East & North Africa,2016,
Middle East & North Africa,2015,
Middle East & North Africa,2014,
Middle East & North Africa,2013,
Middle East & North Africa,2012,
Middle East & North Africa,2011-21W,67.6635238922621
Middle East & North Africa,2011-21S,42.3236778010431
Middle East & North Africa,2011,
Middle East & North Africa,2010,
Middle East & North Africa,2009,
Middle East & North Africa,2008,
Middle East & North Africa,2007,
Middle East & North Africa,2006,
Middle East & North Africa,2005,
Middle East & North Africa,2004,
Middle East & North Africa,2003,
Middle East & North Africa,2002,
Middle East & North Africa,2001,
Middle East & North Africa,2000,
Middle East & North Africa,1999,
Middle East & North Africa,1998,
South Asia,2023,
South Asia,2022,
South Asia,2021,
South Asia,2020,
South Asia,2019,
South Asia,2018,
South Asia,2017,
South Asia,2016,
South Asia,2015,
South Asia,2014,
South Asia,2013,
South Asia,2012,
South Asia,2011-21W,43.4540646098509
South Asia,2011-21S,21.8158682002817
South Asia,2011,
South Asia,2010,
South Asia,2009,
South Asia,2008,
South Asia,2007,
South Asia,2006,
South Asia,2005,
South Asia,2004,
South Asia,2003,
South Asia,2002,
South Asia,2001,
South Asia,2000,
South Asia,1999,
South Asia,1998,
Sub-Saharan Africa,2023,
Sub-Saharan Africa,2022,
Sub-Saharan Africa,2021,
Sub-Saharan Africa,2020,
Sub-Saharan Africa,2019,
Sub-Saharan Africa,2018,
Sub-Saharan Africa,2017,
Sub-Saharan Africa,2016,
Sub-Saharan Africa,2015,
Sub-Saharan Africa,2014,
Sub-Saharan Africa,2013,
Sub-Saharan Africa,2012,
Sub-Saharan Africa,2011-21W,17.7476655701862
Sub-Saharan Africa,2011-21S,21.4770871048632
Sub-Saharan Africa,2011,
Sub-Saharan Africa,2010,
Sub-Saharan Africa,2009,
Sub-Saharan Africa,2008,
Sub-Saharan Africa,2007,
Sub-Saharan Africa,2006,
Sub-Saharan Africa,2005,
Sub-Saharan Africa,2004,
Sub-Saharan Africa,2003,
Sub-Saharan Africa,2002,
Sub-Saharan Africa,2001,
Sub-Saharan Africa,2000,
Sub-Saharan Africa,1999,
Sub-Saharan Africa,1998,
Upper middle income,2023,
Upper middle income,2022,
Upper middle income,2021,
Upper middle income,2020,
Upper middle income,2019,
Upper middle income,2018,
Upper middle income,2017,
Upper middle income,2016,
Upper middle income,2015,
Upper middle income,2014,
Upper middle income,2013,
Upper middle income,2012,
Upper middle income,2011-21W,54.0168835800807
Upper middle income,2011-21S,47.6793952443849
Upper middle income,2011,
Upper middle income,2010,
Upper middle income,2009,
Upper middle income,2008,
Upper middle income,2007,
Upper middle income,2006,
Upper middle income,2005,
Upper middle income,2004,
Upper middle income,2003,
Upper middle income,2002,
Upper middle income,2001,
Upper middle income,2000,
Upper middle income,1999,
Upper middle income,1998,
World,2023,
World,2022,
World,2021,
World,2020,
World,2019,
World,2018,
World,2017,
World,2016,
World,2015,
World,2014,
World,2013,
World,2012,
World,2011-21W,44.927301934891
World,2011-21S,36.3943815516067
World,2011,
World,2010,
World,2009,
World,2008,
World,2007,
World,2006,
World,2005,
World,2004,
World,2003,
World,2002,
World,2001,
World,2000,
World,1999,
World,1998,
Afghanistan,2023,
Afghanistan,2022,
Afghanistan,2021,
Afghanistan,2020,
Afghanistan,2019,
Afghanistan,2018,
Afghanistan,2017,
Afghanistan,2016,
Afghanistan,2015,
Afghanistan,2014,
Afghanistan,2013,
Afghanistan,2012,
Afghanistan,2011-21W,
Afghanistan,2011-21S,
Afghanistan,2011,4.37329714203015
Afghanistan,2010,
Afghanistan,2009,
Afghanistan,2008,
Afghanistan,2007,8.01876695075816
Afghanistan,2006,
Afghanistan,2005,
Afghanistan,2004,
Afghanistan,2003,
Afghanistan,2002,
Afghanistan,2001,
Afghanistan,2000,
Afghanistan,1999,
Afghanistan,1998,
Albania,2023,
Albania,2022,
Albania,2021,
Albania,2020,
Albania,2019,
Albania,2018,40.9174898954493
Albania,2017,40.3006521556255
Albania,2016,6.37461231666881
Albania,2015,5.61843187779106
Albania,2014,
Albania,2013,
Albania,2012,46.6715406799776
Albania,2011-21W,
Albania,2011-21S,
Albania,2011,
Albania,2010,
Albania,2009,
Albania,2008,55.3220641645305
Albania,2007,
Albania,2006,
Albania,2005,
Albania,2004,
Albania,2003,
Albania,2002,
Albania,2001,
Albania,2000,
Albania,1999,
Albania,1998,
Angola,2023,
Angola,2022,
Angola,2021,
Angola,2020,
Angola,2019,
Angola,2018,15.8173335114556
Angola,2017,
Angola,2016,
Angola,2015,
Angola,2014,
Angola,2013,
Angola,2012,
Angola,2011-21W,
Angola,2011-21S,
Angola,2011,
Angola,2010,
Angola,2009,
Angola,2008,
Angola,2007,
Angola,2006,
Angola,2005,
Angola,2004,
Angola,2003,
Angola,2002,
Angola,2001,
Angola,2000,
Angola,1999,
Angola,1998,
Argentina,2023,
Argentina,2022,40.2620749879448
Argentina,2021,41.6147113988211
Argentina,2020,49.486861682261
Argentina,2019,44.856178711959
Argentina,2018,43.7943721589049
Argentina,2017,44.901230084451
Argentina,2016,42.6422716137832
Argentina,2015,
Argentina,2014,39.552703502323
Argentina,2013,33.5224038774726
Argentina,2012,41.7962984634837
Argentina,2011-21W,
Argentina,2011-21S,
Argentina,2011,42.6602238991598
Argentina,2010,30.5289720333917
Argentina,2009,
Argentina,2008,
Argentina,2007,
Argentina,2006,29.0362666060517
Argentina,2005,
Argentina,2004,
Argentina,2003,
Argentina,2002,
Argentina,2001,
Argentina,2000,
Argentina,1999,
Argentina,1998,
Armenia,2023,
Armenia,2022,64.3074114235786
Armenia,2021,55.4992190337085
Armenia,2020,58.3076025665818
Armenia,2019,56.9378151721214
Armenia,2018,55.2263388659377
Armenia,2017,59.1290200414978
Armenia,2016,62.813822113984
Armenia,2015,60.689876493697
Armenia,2014,59.7333236494692
Armenia,2013,62.260269907074
Armenia,2012,55.709660674372
Armenia,2011-21W,
Armenia,2011-21S,
Armenia,2011,57.5580643584166
Armenia,2010,58.0629859817141
Armenia,2009,54.9406836287887
Armenia,2008,54.385702764618
Armenia,2007,
Armenia,2006,
Armenia,2005,
Armenia,2004,
Armenia,2003,
Armenia,2002,
Armenia,2001,
Armenia,2000,
Armenia,1999,
Armenia,1998,
Azerbaijan,2023,
Azerbaijan,2022,
Azerbaijan,2021,
Azerbaijan,2020,
Azerbaijan,2019,
Azerbaijan,2018,
Azerbaijan,2017,
Azerbaijan,2016,
Azerbaijan,2015,60.7705248035852
Azerbaijan,2014,
Azerbaijan,2013,
Azerbaijan,2012,
Azerbaijan,2011-21W,
Azerbaijan,2011-21S,
Azerbaijan,2011,
Azerbaijan,2010,
Azerbaijan,2009,
Azerbaijan,2008,
Azerbaijan,2007,
Azerbaijan,2006,
Azerbaijan,2005,
Azerbaijan,2004,
Azerbaijan,2003,
Azerbaijan,2002,
Azerbaijan,2001,
Azerbaijan,2000,
Azerbaijan,1999,
Azerbaijan,1998,
Bangladesh,2023,
Bangladesh,2022,38.4689569609319
Bangladesh,2021,
Bangladesh,2020,
Bangladesh,2019,
Bangladesh,2018,
Bangladesh,2017,
Bangladesh,2016,25.1594584629484
Bangladesh,2015,
Bangladesh,2014,
Bangladesh,2013,
Bangladesh,2012,
Bangladesh,2011-21W,
Bangladesh,2011-21S,
Bangladesh,2011,
Bangladesh,2010,13.1761897538304
Bangladesh,2009,
Bangladesh,2008,
Bangladesh,2007,
Bangladesh,2006,
Bangladesh,2005,7.74059106759131
Bangladesh,2004,
Bangladesh,2003,
Bangladesh,2002,
Bangladesh,2001,
Bangladesh,2000,
Bangladesh,1999,
Bangladesh,1998,
Belarus,2023,
Belarus,2022,
Belarus,2021,
Belarus,2020,
Belarus,2019,64.3584140689604
Belarus,2018,64.2978892736476
Belarus,2017,71.1591620854734
Belarus,2016,72.1149204189651
Belarus,2015,71.66885845621
Belarus,2014,66.8476411757962
Belarus,2013,67.29996527289
Belarus,2012,67.0681231336454
Belarus,2011-21W,
Belarus,2011-21S,
Belarus,2011,
Belarus,2010,63.8706422383449
Belarus,2009,63.3077821248505
Belarus,2008,64.1943681735592
Belarus,2007,
Belarus,2006,
Belarus,2005,
Belarus,2004,
Belarus,2003,
Belarus,2002,
Belarus,2001,
Belarus,2000,
Belarus,1999,
Belarus,1998,
Belize,2023,
Belize,2022,
Belize,2021,
Belize,2020,
Belize,2019,
Belize,2018,
Belize,2017,
Belize,2016,
Belize,2015,
Belize,2014,
Belize,2013,
Belize,2012,
Belize,2011-21W,
Belize,2011-21S,
Belize,2011,
Belize,2010,
Belize,2009,34.0430435061747
Belize,2008,
Belize,2007,
Belize,2006,
Belize,2005,
Belize,2004,
Belize,2003,
Belize,2002,
Belize,2001,
Belize,2000,
Belize,1999,
Belize,1998,
Benin,2023,
Benin,2022,
Benin,2021,13.0363306135024
Benin,2020,
Benin,2019,
Benin,2018,14.1170097241448
Benin,2017,
Benin,2016,
Benin,2015,
Benin,2014,
Benin,2013,
Benin,2012,
Benin,2011-21W,
Benin,2011-21S,
Benin,2011,
Benin,2010,
Benin,2009,
Benin,2008,
Benin,2007,
Benin,2006,
Benin,2005,
Benin,2004,
Benin,2003,12.1946319212424
Benin,2002,
Benin,2001,
Benin,2000,
Benin,1999,
Benin,1998,
Bhutan,2023,
Bhutan,2022,10.2450092144311
Bhutan,2021,
Bhutan,2020,
Bhutan,2019,
Bhutan,2018,
Bhutan,2017,2.82193610591594
Bhutan,2016,
Bhutan,2015,
Bhutan,2014,
Bhutan,2013,
Bhutan,2012,2.40117530084595
Bhutan,2011-21W,
Bhutan,2011-21S,
Bhutan,2011,
Bhutan,2010,
Bhutan,2009,
Bhutan,2008,
Bhutan,2007,1.88536844999468
Bhutan,2006,
Bhutan,2005,
Bhutan,2004,
Bhutan,2003,
Bhutan,2002,
Bhutan,2001,
Bhutan,2000,
Bhutan,1999,
Bhutan,1998,
Bolivia,2023,
Bolivia,2022,
Bolivia,2021,90.7032615883732
Bolivia,2020,92.4882931805188
Bolivia,2019,56.4224206004689
Bolivia,2018,73.9078486702768
Bolivia,2017,71.421918286078
Bolivia,2016,73.9725525957806
Bolivia,2015,59.2645341345227
Bolivia,2014,56.7630180429439
Bolivia,2013,
Bolivia,2012,57.347982210969
Bolivia,2011-21W,
Bolivia,2011-21S,
Bolivia,2011,58.6468783455746
Bolivia,2010,
Bolivia,2009,61.3317012453434
Bolivia,2008,53.7504969795177
Bolivia,2007,44.0430552152944
Bolivia,2006,25.2686392693468
Bolivia,2005,
Bolivia,2004,
Bolivia,2003,
Bolivia,2002,
Bolivia,2001,
Bolivia,2000,
Bolivia,1999,
Bolivia,1998,
Bosnia and Herzegovina,2023,
Bosnia and Herzegovina,2022,
Bosnia and Herzegovina,2021,
Bosnia and Herzegovina,2020,
Bosnia and Herzegovina,2019,
Bosnia and Herzegovina,2018,
Bosnia and Herzegovina,2017,
Bosnia and Herzegovina,2016,
Bosnia and Herzegovina,2015,43.5986859933639
Bosnia and Herzegovina,2014,
Bosnia and Herzegovina,2013,
Bosnia and Herzegovina,2012,
Bosnia and Herzegovina,2011-21W,
Bosnia and Herzegovina,2011-21S,
Bosnia and Herzegovina,2011,
Bosnia and Herzegovina,2010,
Bosnia and Herzegovina,2009,
Bosnia and Herzegovina,2008,
Bosnia and Herzegovina,2007,58.3578085514572
Bosnia and Herzegovina,2006,
Bosnia and Herzegovina,2005,
Bosnia and Herzegovina,2004,
Bosnia and Herzegovina,2003,
Bosnia and Herzegovina,2002,
Bosnia and Herzegovina,2001,
Bosnia and Herzegovina,2000,
Bosnia and Herzegovina,1999,
Bosnia and Herzegovina,1998,
Botswana,2023,
Botswana,2022,
Botswana,2021,
Botswana,2020,
Botswana,2019,
Botswana,2018,
Botswana,2017,
Botswana,2016,
Botswana,2015,31.6393637523033
Botswana,2014,
Botswana,2013,
Botswana,2012,
Botswana,2011-21W,
Botswana,2011-21S,
Botswana,2011,
Botswana,2010,
Botswana,2009,42.2815524147707
Botswana,2008,
Botswana,2007,
Botswana,2006,
Botswana,2005,
Botswana,2004,
Botswana,2003,
Botswana,2002,
Botswana,2001,
Botswana,2000,
Botswana,1999,
Botswana,1998,
Brazil,2023,
Brazil,2022,41.3035014290956
Brazil,2021,40.9338330969489
Brazil,2020,45.9551252232213
Brazil,2019,44.6258897147044
Brazil,2018,44.1953037326711
Brazil,2017,43.05528773171
Brazil,2016,41.8867519911939
Brazil,2015,44.4908938579087
Brazil,2014,
Brazil,2013,
Brazil,2012,49.1139059426743
Brazil,2011-21W,
Brazil,2011-21S,
Brazil,2011,47.6357026487748
Brazil,2010,
Brazil,2009,50.4848823368407
Brazil,2008,
Brazil,2007,
Brazil,2006,45.3409066195508
Brazil,2005,
Brazil,2004,
Brazil,2003,
Brazil,2002,
Brazil,2001,
Brazil,2000,
Brazil,1999,
Brazil,1998,
Bulgaria,2023,
Bulgaria,2022,
Bulgaria,2021,
Bulgaria,2020,
Bulgaria,2019,
Bulgaria,2018,
Bulgaria,2017,
Bulgaria,2016,
Bulgaria,2015,
Bulgaria,2014,
Bulgaria,2013,
Bulgaria,2012,
Bulgaria,2011-21W,
Bulgaria,2011-21S,
Bulgaria,2011,
Bulgaria,2010,
Bulgaria,2009,
Bulgaria,2008,
Bulgaria,2007,54.8096601825525
Bulgaria,2006,
Bulgaria,2005,
Bulgaria,2004,
Bulgaria,2003,
Bulgaria,2002,
Bulgaria,2001,
Bulgaria,2000,
Bulgaria,1999,
Bulgaria,1998,
Burkina Faso,2023,
Burkina Faso,2022,
Burkina Faso,2021,33.3017850201865
Burkina Faso,2020,
Burkina Faso,2019,
Burkina Faso,2018,22.7750079036909
Burkina Faso,2017,
Burkina Faso,2016,
Burkina Faso,2015,
Burkina Faso,2014,7.29170286731698
Burkina Faso,2013,
Burkina Faso,2012,
Burkina Faso,2011-21W,
Burkina Faso,2011-21S,
Burkina Faso,2011,
Burkina Faso,2010,
Burkina Faso,2009,
Burkina Faso,2008,
Burkina Faso,2007,
Burkina Faso,2006,
Burkina Faso,2005,
Burkina Faso,2004,
Burkina Faso,2003,38.7564855818758
Burkina Faso,2002,
Burkina Faso,2001,
Burkina Faso,2000,
Burkina Faso,1999,
Burkina Faso,1998,
Burundi,2023,
Burundi,2022,
Burundi,2021,
Burundi,2020,
Burundi,2019,8.665141947039
Burundi,2018,
Burundi,2017,
Burundi,2016,
Burundi,2015,
Burundi,2014,
Burundi,2013,
Burundi,2012,
Burundi,2011-21W,
Burundi,2011-21S,
Burundi,2011,
Burundi,2010,
Burundi,2009,
Burundi,2008,
Burundi,2007,
Burundi,2006,
Burundi,2005,
Burundi,2004,
Burundi,2003,
Burundi,2002,
Burundi,2001,
Burundi,2000,
Burundi,1999,
Burundi,1998,
Cabo Verde,2023,
Cabo Verde,2022,
Cabo Verde,2021,
Cabo Verde,2020,
Cabo Verde,2019,
Cabo Verde,2018,
Cabo Verde,2017,
Cabo Verde,2016,
Cabo Verde,2015,
Cabo Verde,2014,
Cabo Verde,2013,
Cabo Verde,2012,
Cabo Verde,2011-21W,
Cabo Verde,2011-21S,
Cabo Verde,2011,
Cabo Verde,2010,
Cabo Verde,2009,
Cabo Verde,2008,
Cabo Verde,2007,29.389497009551
Cabo Verde,2006,
Cabo Verde,2005,
Cabo Verde,2004,
Cabo Verde,2003,
Cabo Verde,2002,
Cabo Verde,2001,
Cabo Verde,2000,
Cabo Verde,1999,
Cabo Verde,1998,
Cambodia,2023,
Cambodia,2022,
Cambodia,2021,
Cambodia,2020,
Cambodia,2019,
Cambodia,2018,
Cambodia,2017,
Cambodia,2016,
Cambodia,2015,
Cambodia,2014,
Cambodia,2013,4.99748759236077
Cambodia,2012,
Cambodia,2011-21W,
Cambodia,2011-21S,
Cambodia,2011,
Cambodia,2010,
Cambodia,2009,
Cambodia,2008,4.7561838565024
Cambodia,2007,
Cambodia,2006,
Cambodia,2005,
Cambodia,2004,
Cambodia,2003,
Cambodia,2002,
Cambodia,2001,
Cambodia,2000,
Cambodia,1999,
Cambodia,1998,
Cameroon,2023,
Cameroon,2022,
Cameroon,2021,15.1694628856318
Cameroon,2020,
Cameroon,2019,
Cameroon,2018,
Cameroon,2017,
Cameroon,2016,
Cameroon,2015,
Cameroon,2014,9.79882775865798
Cameroon,2013,
Cameroon,2012,
Cameroon,2011-21W,
Cameroon,2011-21S,
Cameroon,2011,
Cameroon,2010,
Cameroon,2009,
Cameroon,2008,
Cameroon,2007,7.55518706888234
Cameroon,2006,
Cameroon,2005,
Cameroon,2004,
Cameroon,2003,
Cameroon,2002,
Cameroon,2001,
Cameroon,2000,
Cameroon,1999,
Cameroon,1998,
Central African Republic,2023,
Central African Republic,2022,
Central African Republic,2021,
Central African Republic,2020,
Central African Republic,2019,
Central African Republic,2018,
Central African Republic,2017,
Central African Republic,2016,
Central African Republic,2015,
Central African Republic,2014,
Central African Republic,2013,
Central African Republic,2012,
Central African Republic,2011-21W,
Central African Republic,2011-21S,
Central African Republic,2011,
Central African Republic,2010,
Central African Republic,2009,
Central African Republic,2008,
Central African Republic,2007,
Central African Republic,2006,
Central African Republic,2005,
Central African Republic,2004,
Central African Republic,2003,
Central African Republic,2002,
Central African Republic,2001,
Central African Republic,2000,
Central African Republic,1999,
Central African Republic,1998,
Chad,2023,
Chad,2022,18.4106724078052
Chad,2021,
Chad,2020,
Chad,2019,
Chad,2018,10.065857464812
Chad,2017,
Chad,2016,
Chad,2015,
Chad,2014,
Chad,2013,
Chad,2012,
Chad,2011-21W,
Chad,2011-21S,
Chad,2011,4.60982517705909
Chad,2010,
Chad,2009,
Chad,2008,
Chad,2007,
Chad,2006,
Chad,2005,
Chad,2004,
Chad,2003,
Chad,2002,
Chad,2001,
Chad,2000,
Chad,1999,
Chad,1998,
Chile,2023,
Chile,2022,61.7254231903859
Chile,2021,
Chile,2020,52.3592233655195
Chile,2019,
Chile,2018,
Chile,2017,81.5668380100001
Chile,2016,
Chile,2015,75.4799494045482
Chile,2014,
Chile,2013,72.2451823238406
Chile,2012,
Chile,2011-21W,
Chile,2011-21S,
Chile,2011,55.8873607203151
Chile,2010,
Chile,2009,77.6222668039874
Chile,2008,
Chile,2007,
Chile,2006,76.108552910723
Chile,2005,
Chile,2004,
Chile,2003,
Chile,2002,
Chile,2001,
Chile,2000,
Chile,1999,
Chile,1998,
China,2023,
China,2022,
China,2021,
China,2020,
China,2019,
China,2018,
China,2017,
China,2016,
China,2015,
China,2014,
China,2013,57.2570835836548
China,2012,
China,2011-21W,
China,2011-21S,
China,2011,
China,2010,
China,2009,
China,2008,
China,2007,
China,2006,
China,2005,
China,2004,
China,2003,
China,2002,
China,2001,
China,2000,
China,1999,
China,1998,
Colombia,2023,
Colombia,2022,31.8874132281036
Colombia,2021,32.6308300190793
Colombia,2020,34.1310963421404
Colombia,2019,29.5815598622198
Colombia,2018,29.6497948821317
Colombia,2017,29.0336671039245
Colombia,2016,29.4975917145753
Colombia,2015,29.6723281386435
Colombia,2014,44.2286032029219
Colombia,2013,
Colombia,2012,37.8292677259923
Colombia,2011-21W,
Colombia,2011-21S,
Colombia,2011,39.3008427672733
Colombia,2010,39.7007291276676
Colombia,2009,
Colombia,2008,
Colombia,2007,
Colombia,2006,
Colombia,2005,
Colombia,2004,
Colombia,2003,
Colombia,2002,
Colombia,2001,
Colombia,2000,
Colombia,1999,
Colombia,1998,
Comoros,2023,
Comoros,2022,
Comoros,2021,
Comoros,2020,8.84645713194401
Comoros,2019,
Comoros,2018,
Comoros,2017,
Comoros,2016,
Comoros,2015,
Comoros,2014,
Comoros,2013,
Comoros,2012,
Comoros,2011-21W,
Comoros,2011-21S,
Comoros,2011,
Comoros,2010,
Comoros,2009,
Comoros,2008,
Comoros,2007,
Comoros,2006,
Comoros,2005,
Comoros,2004,3.17080866072126
Comoros,2003,
Comoros,2002,
Comoros,2001,
Comoros,2000,
Comoros,1999,
Comoros,1998,
"Congo, Dem. Rep.",2023,
"Congo, Dem. Rep.",2022,
"Congo, Dem. Rep.",2021,
"Congo, Dem. Rep.",2020,
"Congo, Dem. Rep.",2019,
"Congo, Dem. Rep.",2018,
"Congo, Dem. Rep.",2017,
"Congo, Dem. Rep.",2016,
"Congo, Dem. Rep.",2015,
"Congo, Dem. Rep.",2014,
"Congo, Dem. Rep.",2013,
"Congo, Dem. Rep.",2012,20.0919446486004
"Congo, Dem. Rep.",2011-21W,
"Congo, Dem. Rep.",2011-21S,
"Congo, Dem. Rep.",2011,
"Congo, Dem. Rep.",2010,
"Congo, Dem. Rep.",2009,
"Congo, Dem. Rep.",2008,
"Congo, Dem. Rep.",2007,
"Congo, Dem. Rep.",2006,
"Congo, Dem. Rep.",2005,
"Congo, Dem. Rep.",2004,3.42921164973529
"Congo, Dem. Rep.",2003,
"Congo, Dem. Rep.",2002,
"Congo, Dem. Rep.",2001,
"Congo, Dem. Rep.",2000,
"Congo, Dem. Rep.",1999,
"Congo, Dem. Rep.",1998,
"Congo, Rep.",2023,
"Congo, Rep.",2022,
"Congo, Rep.",2021,
"Congo, Rep.",2020,
"Congo, Rep.",2019,
"Congo, Rep.",2018,
"Congo, Rep.",2017,
"Congo, Rep.",2016,
"Congo, Rep.",2015,
"Congo, Rep.",2014,
"Congo, Rep.",2013,
"Congo, Rep.",2012,
"Congo, Rep.",2011-21W,
"Congo, Rep.",2011-21S,
"Congo, Rep.",2011,
"Congo, Rep.",2010,
"Congo, Rep.",2009,
"Congo, Rep.",2008,
"Congo, Rep.",2007,
"Congo, Rep.",2006,
"Congo, Rep.",2005,10.3398679771127
"Congo, Rep.",2004,
"Congo, Rep.",2003,
"Congo, Rep.",2002,
"Congo, Rep.",2001,
"Congo, Rep.",2000,
"Congo, Rep.",1999,
"Congo, Rep.",1998,
Costa Rica,2023,
Costa Rica,2022,52.5513503023036
Costa Rica,2021,50.1031405747359
Costa Rica,2020,62.169232188746
Costa Rica,2019,50.5908085875276
Costa Rica,2018,52.2265898551859
Costa Rica,2017,52.2971945371037
Costa Rica,2016,49.8309947080603
Costa Rica,2015,49.2701480263158
Costa Rica,2014,48.1196872384365
Costa Rica,2013,
Costa Rica,2012,51.7563653274249
Costa Rica,2011-21W,
Costa Rica,2011-21S,
Costa Rica,2011,49.9638957715033
Costa Rica,2010,48.034223664751
Costa Rica,2009,51.4810386080587
Costa Rica,2008,47.6101157590436
Costa Rica,2007,
Costa Rica,2006,
Costa Rica,2005,
Costa Rica,2004,
Costa Rica,2003,
Costa Rica,2002,
Costa Rica,2001,
Costa Rica,2000,
Costa Rica,1999,
Costa Rica,1998,
Cote D'Ivoire,2023,
Cote D'Ivoire,2022,
Cote D'Ivoire,2021,15.5942320080609
Cote D'Ivoire,2020,
Cote D'Ivoire,2019,
Cote D'Ivoire,2018,15.5785588597337
Cote D'Ivoire,2017,
Cote D'Ivoire,2016,
Cote D'Ivoire,2015,21.8120262994873
Cote D'Ivoire,2014,
Cote D'Ivoire,2013,
Cote D'Ivoire,2012,
Cote D'Ivoire,2011-21W,
Cote D'Ivoire,2011-21S,
Cote D'Ivoire,2011,
Cote D'Ivoire,2010,
Cote D'Ivoire,2009,
Cote D'Ivoire,2008,28.1399362289132
Cote D'Ivoire,2007,
Cote D'Ivoire,2006,
Cote D'Ivoire,2005,
Cote D'Ivoire,2004,
Cote D'Ivoire,2003,
Cote D'Ivoire,2002,24.9558619906333
Cote D'Ivoire,2001,
Cote D'Ivoire,2000,
Cote D'Ivoire,1999,
Cote D'Ivoire,1998,
Croatia,2023,
Croatia,2022,
Croatia,2021,
Croatia,2020,
Croatia,2019,
Croatia,2018,
Croatia,2017,
Croatia,2016,
Croatia,2015,
Croatia,2014,62.1122436523438
Croatia,2013,
Croatia,2012,
Croatia,2011-21W,
Croatia,2011-21S,
Croatia,2011,57.9518661499023
Croatia,2010,59.2965924246413
Croatia,2009,
Croatia,2008,54.2279390732597
Croatia,2007,
Croatia,2006,
Croatia,2005,
Croatia,2004,
Croatia,2003,
Croatia,2002,
Croatia,2001,
Croatia,2000,
Croatia,1999,
Croatia,1998,
Djibouti,2023,
Djibouti,2022,
Djibouti,2021,
Djibouti,2020,
Djibouti,2019,
Djibouti,2018,
Djibouti,2017,
Djibouti,2016,
Djibouti,2015,
Djibouti,2014,
Djibouti,2013,
Djibouti,2012,16.4607171940151
Djibouti,2011-21W,
Djibouti,2011-21S,
Djibouti,2011,
Djibouti,2010,
Djibouti,2009,
Djibouti,2008,
Djibouti,2007,
Djibouti,2006,
Djibouti,2005,
Djibouti,2004,
Djibouti,2003,
Djibouti,2002,2.59377619326004
Djibouti,2001,
Djibouti,2000,
Djibouti,1999,
Djibouti,1998,
Dominica,2023,
Dominica,2022,
Dominica,2021,
Dominica,2020,
Dominica,2019,
Dominica,2018,
Dominica,2017,
Dominica,2016,
Dominica,2015,
Dominica,2014,
Dominica,2013,
Dominica,2012,
Dominica,2011-21W,
Dominica,2011-21S,
Dominica,2011,
Dominica,2010,
Dominica,2009,
Dominica,2008,
Dominica,2007,
Dominica,2006,
Dominica,2005,
Dominica,2004,
Dominica,2003,
Dominica,2002,12.3040695968072
Dominica,2001,
Dominica,2000,
Dominica,1999,
Dominica,1998,
Dominican Republic,2023,
Dominican Republic,2022,
Dominican Republic,2021,33.5398619545036
Dominican Republic,2020,
Dominican Republic,2019,31.7648562485229
Dominican Republic,2018,32.323588591978
Dominican Republic,2017,31.1709366175934
Dominican Republic,2016,33.5566377943295
Dominican Republic,2015,16.4720470445706
Dominican Republic,2014,21.6060115602417
Dominican Republic,2013,21.6246732716197
Dominican Republic,2012,20.8210195628175
Dominican Republic,2011-21W,
Dominican Republic,2011-21S,
Dominican Republic,2011,19.5999413648982
Dominican Republic,2010,21.2674969049625
Dominican Republic,2009,15.1188739363768
Dominican Republic,2008,14.3422902880562
Dominican Republic,2007,10.8425057715976
Dominican Republic,2006,
Dominican Republic,2005,
Dominican Republic,2004,
Dominican Republic,2003,
Dominican Republic,2002,
Dominican Republic,2001,
Dominican Republic,2000,
Dominican Republic,1999,
Dominican Republic,1998,
Ecuador,2023,
Ecuador,2022,34.868009294265
Ecuador,2021,34.8051639129743
Ecuador,2020,37.201159863257
Ecuador,2019,31.5404167934988
Ecuador,2018,31.4937279284399
Ecuador,2017,51.2649018916918
Ecuador,2016,52.0929686282616
Ecuador,2015,49.2874596837634
Ecuador,2014,50.1952540914452
Ecuador,2013,
Ecuador,2012,50.9358698773305
Ecuador,2011-21W,
Ecuador,2011-21S,
Ecuador,2011,33.665237042427
Ecuador,2010,44.8601691960277
Ecuador,2009,
Ecuador,2008,33.6122355819238
Ecuador,2007,
Ecuador,2006,
Ecuador,2005,
Ecuador,2004,
Ecuador,2003,
Ecuador,2002,
Ecuador,2001,
Ecuador,2000,
Ecuador,1999,
Ecuador,1998,
"Egypt, Arab Rep.",2023,
"Egypt, Arab Rep.",2022,
"Egypt, Arab Rep.",2021,
"Egypt, Arab Rep.",2020,
"Egypt, Arab Rep.",2019,75.5140559714576
"Egypt, Arab Rep.",2018,
"Egypt, Arab Rep.",2017,82.7251360041391
"Egypt, Arab Rep.",2016,
"Egypt, Arab Rep.",2015,
"Egypt, Arab Rep.",2014,
"Egypt, Arab Rep.",2013,
"Egypt, Arab Rep.",2012,
"Egypt, Arab Rep.",2011-21W,
"Egypt, Arab Rep.",2011-21S,
"Egypt, Arab Rep.",2011,
"Egypt, Arab Rep.",2010,
"Egypt, Arab Rep.",2009,
"Egypt, Arab Rep.",2008,50.8385063341236
"Egypt, Arab Rep.",2007,
"Egypt, Arab Rep.",2006,
"Egypt, Arab Rep.",2005,
"Egypt, Arab Rep.",2004,
"Egypt, Arab Rep.",2003,
"Egypt, Arab Rep.",2002,
"Egypt, Arab Rep.",2001,
"Egypt, Arab Rep.",2000,
"Egypt, Arab Rep.",1999,
"Egypt, Arab Rep.",1998,
El Salvador,2023,
El Salvador,2022,81.1050836631213
El Salvador,2021,78.8624691068925
El Salvador,2020,
El Salvador,2019,72.8458721835673
El Salvador,2018,64.5387395811453
El Salvador,2017,71.6921602270077
El Salvador,2016,79.4381673297602
El Salvador,2015,78.8976676666989
El Salvador,2014,33.4700596716533
El Salvador,2013,
El Salvador,2012,80.2047054716761
El Salvador,2011-21W,
El Salvador,2011-21S,
El Salvador,2011,33.6757767767299
El Salvador,2010,39.017575835213
El Salvador,2009,26.2143080256836
El Salvador,2008,25.4041769819534
El Salvador,2007,20.3658417123225
El Salvador,2006,
El Salvador,2005,
El Salvador,2004,
El Salvador,2003,
El Salvador,2002,
El Salvador,2001,
El Salvador,2000,
El Salvador,1999,
El Salvador,1998,
Eswatini,2023,
Eswatini,2022,
Eswatini,2021,
Eswatini,2020,
Eswatini,2019,
Eswatini,2018,
Eswatini,2017,
Eswatini,2016,46.886835973777
Eswatini,2015,
Eswatini,2014,
Eswatini,2013,
Eswatini,2012,
Eswatini,2011-21W,
Eswatini,2011-21S,
Eswatini,2011,
Eswatini,2010,
Eswatini,2009,22.6170990530333
Eswatini,2008,
Eswatini,2007,
Eswatini,2006,
Eswatini,2005,
Eswatini,2004,
Eswatini,2003,
Eswatini,2002,
Eswatini,2001,
Eswatini,2000,33.7439024083431
Eswatini,1999,
Eswatini,1998,
Ethiopia,2023,
Ethiopia,2022,
Ethiopia,2021,
Ethiopia,2020,
Ethiopia,2019,
Ethiopia,2018,16.1695678894326
Ethiopia,2017,
Ethiopia,2016,
Ethiopia,2015,17.8393936418865
Ethiopia,2014,
Ethiopia,2013,
Ethiopia,2012,
Ethiopia,2011-21W,
Ethiopia,2011-21S,
Ethiopia,2011,
Ethiopia,2010,8.18386346747029
Ethiopia,2009,
Ethiopia,2008,
Ethiopia,2007,
Ethiopia,2006,
Ethiopia,2005,
Ethiopia,2004,0.379344019794808
Ethiopia,2003,
Ethiopia,2002,
Ethiopia,2001,
Ethiopia,2000,
Ethiopia,1999,
Ethiopia,1998,
Fiji,2023,
Fiji,2022,
Fiji,2021,
Fiji,2020,
Fiji,2019,
Fiji,2018,
Fiji,2017,
Fiji,2016,
Fiji,2015,
Fiji,2014,
Fiji,2013,28.9848964144421
Fiji,2012,
Fiji,2011-21W,
Fiji,2011-21S,
Fiji,2011,
Fiji,2010,
Fiji,2009,
Fiji,2008,14.6177543586394
Fiji,2007,
Fiji,2006,
Fiji,2005,
Fiji,2004,
Fiji,2003,
Fiji,2002,
Fiji,2001,
Fiji,2000,
Fiji,1999,
Fiji,1998,
Gabon,2023,
Gabon,2022,
Gabon,2021,
Gabon,2020,
Gabon,2019,
Gabon,2018,
Gabon,2017,45.3997206327736
Gabon,2016,
Gabon,2015,
Gabon,2014,
Gabon,2013,
Gabon,2012,
Gabon,2011-21W,
Gabon,2011-21S,
Gabon,2011,
Gabon,2010,
Gabon,2009,
Gabon,2008,
Gabon,2007,
Gabon,2006,
Gabon,2005,35.768085643519
Gabon,2004,
Gabon,2003,
Gabon,2002,
Gabon,2001,
Gabon,2000,
Gabon,1999,
Gabon,1998,
"Gambia, The",2023,
"Gambia, The",2022,
"Gambia, The",2021,
"Gambia, The",2020,
"Gambia, The",2019,
"Gambia, The",2018,
"Gambia, The",2017,
"Gambia, The",2016,
"Gambia, The",2015,2.94208111809009
"Gambia, The",2014,
"Gambia, The",2013,
"Gambia, The",2012,
"Gambia, The",2011-21W,
"Gambia, The",2011-21S,
"Gambia, The",2011,
"Gambia, The",2010,9.94604660277281
"Gambia, The",2009,
"Gambia, The",2008,
"Gambia, The",2007,
"Gambia, The",2006,
"Gambia, The",2005,
"Gambia, The",2004,
"Gambia, The",2003,
"Gambia, The",2002,
"Gambia, The",2001,
"Gambia, The",2000,
"Gambia, The",1999,
"Gambia, The",1998,8.17613578448619
Georgia,2023,
Georgia,2022,
Georgia,2021,55.7676818245915
Georgia,2020,54.0330423905817
Georgia,2019,51.6172689605951
Georgia,2018,50.3810827925755
Georgia,2017,48.5259542867339
Georgia,2016,56.4545102553705
Georgia,2015,50.3160729620951
Georgia,2014,52.1347494118868
Georgia,2013,46.8576231677623
Georgia,2012,50.0121449091007
Georgia,2011-21W,
Georgia,2011-21S,
Georgia,2011,52.8491352314572
Georgia,2010,
Georgia,2009,
Georgia,2008,
Georgia,2007,
Georgia,2006,
Georgia,2005,
Georgia,2004,
Georgia,2003,
Georgia,2002,
Georgia,2001,
Georgia,2000,
Georgia,1999,
Georgia,1998,
Ghana,2023,
Ghana,2022,
Ghana,2021,
Ghana,2020,
Ghana,2019,
Ghana,2018,
Ghana,2017,
Ghana,2016,7.97231809930874
Ghana,2015,
Ghana,2014,
Ghana,2013,
Ghana,2012,57.0557551640015
Ghana,2011-21W,
Ghana,2011-21S,
Ghana,2011,
Ghana,2010,
Ghana,2009,
Ghana,2008,
Ghana,2007,
Ghana,2006,
Ghana,2005,7.08315902778056
Ghana,2004,
Ghana,2003,
Ghana,2002,
Ghana,2001,
Ghana,2000,
Ghana,1999,
Ghana,1998,
Guatemala,2023,
Guatemala,2022,
Guatemala,2021,
Guatemala,2020,
Guatemala,2019,
Guatemala,2018,
Guatemala,2017,
Guatemala,2016,
Guatemala,2015,
Guatemala,2014,41.4064972248035
Guatemala,2013,
Guatemala,2012,
Guatemala,2011-21W,
Guatemala,2011-21S,
Guatemala,2011,35.4005337112183
Guatemala,2010,
Guatemala,2009,
Guatemala,2008,
Guatemala,2007,
Guatemala,2006,28.4308730630723
Guatemala,2005,
Guatemala,2004,
Guatemala,2003,
Guatemala,2002,
Guatemala,2001,
Guatemala,2000,
Guatemala,1999,
Guatemala,1998,
Guinea,2023,
Guinea,2022,
Guinea,2021,
Guinea,2020,
Guinea,2019,
Guinea,2018,13.6953614373534
Guinea,2017,
Guinea,2016,
Guinea,2015,
Guinea,2014,
Guinea,2013,
Guinea,2012,7.05225397318999
Guinea,2011-21W,
Guinea,2011-21S,
Guinea,2011,
Guinea,2010,
Guinea,2009,
Guinea,2008,
Guinea,2007,
Guinea,2006,
Guinea,2005,
Guinea,2004,
Guinea,2003,
Guinea,2002,
Guinea,2001,
Guinea,2000,
Guinea,1999,
Guinea,1998,
Guinea-Bissau,2023,
Guinea-Bissau,2022,
Guinea-Bissau,2021,19.9905940583985
Guinea-Bissau,2020,
Guinea-Bissau,2019,
Guinea-Bissau,2018,18.1051261555468
Guinea-Bissau,2017,
Guinea-Bissau,2016,
Guinea-Bissau,2015,
Guinea-Bissau,2014,
Guinea-Bissau,2013,
Guinea-Bissau,2012,
Guinea-Bissau,2011-21W,
Guinea-Bissau,2011-21S,
Guinea-Bissau,2011,
Guinea-Bissau,2010,
Guinea-Bissau,2009,
Guinea-Bissau,2008,
Guinea-Bissau,2007,
Guinea-Bissau,2006,
Guinea-Bissau,2005,
Guinea-Bissau,2004,
Guinea-Bissau,2003,
Guinea-Bissau,2002,
Guinea-Bissau,2001,
Guinea-Bissau,2000,
Guinea-Bissau,1999,
Guinea-Bissau,1998,
Haiti,2023,
Haiti,2022,
Haiti,2021,
Haiti,2020,
Haiti,2019,
Haiti,2018,
Haiti,2017,
Haiti,2016,
Haiti,2015,
Haiti,2014,
Haiti,2013,
Haiti,2012,16.5986557786378
Haiti,2011-21W,
Haiti,2011-21S,
Haiti,2011,
Haiti,2010,
Haiti,2009,
Haiti,2008,
Haiti,2007,
Haiti,2006,
Haiti,2005,
Haiti,2004,
Haiti,2003,
Haiti,2002,
Haiti,2001,
Haiti,2000,
Haiti,1999,
Haiti,1998,
Honduras,2023,
Honduras,2022,
Honduras,2021,
Honduras,2020,
Honduras,2019,17.6902596989183
Honduras,2018,22.8209949662907
Honduras,2017,26.3853791359047
Honduras,2016,23.0964100297707
Honduras,2015,26.3699856405243
Honduras,2014,
Honduras,2013,33.3810672382964
Honduras,2012,
Honduras,2011-21W,
Honduras,2011-21S,
Honduras,2011,33.3339278268474
Honduras,2010,34.3066853544102
Honduras,2009,40.5459150416879
Honduras,2008,32.8616031879278
Honduras,2007,
Honduras,2006,
Honduras,2005,
Honduras,2004,
Honduras,2003,
Honduras,2002,
Honduras,2001,
Honduras,2000,
Honduras,1999,
Honduras,1998,
Hungary,2023,
Hungary,2022,
Hungary,2021,
Hungary,2020,
Hungary,2019,
Hungary,2018,
Hungary,2017,
Hungary,2016,
Hungary,2015,
Hungary,2014,
Hungary,2013,
Hungary,2012,
Hungary,2011-21W,
Hungary,2011-21S,
Hungary,2011,
Hungary,2010,
Hungary,2009,
Hungary,2008,
Hungary,2007,77.9063672471523
Hungary,2006,
Hungary,2005,
Hungary,2004,
Hungary,2003,
Hungary,2002,
Hungary,2001,
Hungary,2000,
Hungary,1999,
Hungary,1998,
India,2023,
India,2022,
India,2021,
India,2020,
India,2019,
India,2018,
India,2017,
India,2016,
India,2015,
India,2014,
India,2013,
India,2012,
India,2011-21W,
India,2011-21S,
India,2011,51.0320288745395
India,2010,
India,2009,18.6904078272681
India,2008,
India,2007,
India,2006,
India,2005,
India,2004,22.8135774699337
India,2003,
India,2002,
India,2001,
India,2000,
India,1999,
India,1998,
Indonesia,2023,
Indonesia,2022,54.6191224301056
Indonesia,2021,48.648161257785
Indonesia,2020,39.368437115754
Indonesia,2019,37.3635732469788
Indonesia,2018,42.3347905338901
Indonesia,2017,37.9169378192252
Indonesia,2016,38.2985912819078
Indonesia,2015,34.470982388546
Indonesia,2014,42.9850656935007
Indonesia,2013,
Indonesia,2012,17.8903576344292
Indonesia,2011-21W,
Indonesia,2011-21S,
Indonesia,2011,16.6922847089518
Indonesia,2010,
Indonesia,2009,10.8173804254853
Indonesia,2008,
Indonesia,2007,
Indonesia,2006,
Indonesia,2005,
Indonesia,2004,
Indonesia,2003,
Indonesia,2002,
Indonesia,2001,
Indonesia,2000,
Indonesia,1999,
Indonesia,1998,
"Iran, Islamic Rep.",2023,
"Iran, Islamic Rep.",2022,
"Iran, Islamic Rep.",2021,
"Iran, Islamic Rep.",2020,78.6487292953118
"Iran, Islamic Rep.",2019,75.6841060717053
"Iran, Islamic Rep.",2018,75.5260994724509
"Iran, Islamic Rep.",2017,78.7259258283704
"Iran, Islamic Rep.",2016,
"Iran, Islamic Rep.",2015,
"Iran, Islamic Rep.",2014,
"Iran, Islamic Rep.",2013,
"Iran, Islamic Rep.",2012,
"Iran, Islamic Rep.",2011-21W,
"Iran, Islamic Rep.",2011-21S,
"Iran, Islamic Rep.",2011,
"Iran, Islamic Rep.",2010,
"Iran, Islamic Rep.",2009,
"Iran, Islamic Rep.",2008,
"Iran, Islamic Rep.",2007,
"Iran, Islamic Rep.",2006,
"Iran, Islamic Rep.",2005,
"Iran, Islamic Rep.",2004,
"Iran, Islamic Rep.",2003,
"Iran, Islamic Rep.",2002,
"Iran, Islamic Rep.",2001,
"Iran, Islamic Rep.",2000,
"Iran, Islamic Rep.",1999,
"Iran, Islamic Rep.",1998,
Iraq,2023,
Iraq,2022,
Iraq,2021,
Iraq,2020,
Iraq,2019,
Iraq,2018,
Iraq,2017,
Iraq,2016,
Iraq,2015,
Iraq,2014,
Iraq,2013,
Iraq,2012,74.9756839907662
Iraq,2011-21W,
Iraq,2011-21S,
Iraq,2011,
Iraq,2010,
Iraq,2009,
Iraq,2008,
Iraq,2007,
Iraq,2006,78.0844874415261
Iraq,2005,
Iraq,2004,
Iraq,2003,
Iraq,2002,
Iraq,2001,
Iraq,2000,
Iraq,1999,
Iraq,1998,
Jamaica,2023,
Jamaica,2022,
Jamaica,2021,
Jamaica,2020,
Jamaica,2019,
Jamaica,2018,
Jamaica,2017,28.7434365751772
Jamaica,2016,
Jamaica,2015,
Jamaica,2014,
Jamaica,2013,
Jamaica,2012,
Jamaica,2011-21W,
Jamaica,2011-21S,
Jamaica,2011,
Jamaica,2010,36.6685945633314
Jamaica,2009,
Jamaica,2008,
Jamaica,2007,
Jamaica,2006,
Jamaica,2005,
Jamaica,2004,
Jamaica,2003,
Jamaica,2002,15.3506620892594
Jamaica,2001,
Jamaica,2000,
Jamaica,1999,
Jamaica,1998,
Jordan,2023,
Jordan,2022,
Jordan,2021,
Jordan,2020,
Jordan,2019,
Jordan,2018,
Jordan,2017,
Jordan,2016,
Jordan,2015,
Jordan,2014,
Jordan,2013,
Jordan,2012,
Jordan,2011-21W,
Jordan,2011-21S,
Jordan,2011,
Jordan,2010,52.5257380342802
Jordan,2009,
Jordan,2008,
Jordan,2007,
Jordan,2006,65.2970733427183
Jordan,2005,
Jordan,2004,
Jordan,2003,
Jordan,2002,
Jordan,2001,
Jordan,2000,
Jordan,1999,
Jordan,1998,
Kazakhstan,2023,
Kazakhstan,2022,
Kazakhstan,2021,55.5252249343079
Kazakhstan,2020,59.6686384994212
Kazakhstan,2019,52.4397431511687
Kazakhstan,2018,49.5475917369743
Kazakhstan,2017,47.1866851005028
Kazakhstan,2016,
Kazakhstan,2015,47.1104702706595
Kazakhstan,2014,59.9060266248087
Kazakhstan,2013,
Kazakhstan,2012,
Kazakhstan,2011-21W,
Kazakhstan,2011-21S,
Kazakhstan,2011,
Kazakhstan,2010,42.3352403076865
Kazakhstan,2009,
Kazakhstan,2008,
Kazakhstan,2007,36.2799639089656
Kazakhstan,2006,
Kazakhstan,2005,
Kazakhstan,2004,
Kazakhstan,2003,
Kazakhstan,2002,
Kazakhstan,2001,
Kazakhstan,2000,
Kazakhstan,1999,
Kazakhstan,1998,
Kenya,2023,
Kenya,2022,
Kenya,2021,
Kenya,2020,
Kenya,2019,
Kenya,2018,
Kenya,2017,
Kenya,2016,
Kenya,2015,21.6600114466627
Kenya,2014,
Kenya,2013,
Kenya,2012,
Kenya,2011-21W,
Kenya,2011-21S,
Kenya,2011,
Kenya,2010,
Kenya,2009,
Kenya,2008,
Kenya,2007,
Kenya,2006,
Kenya,2005,13.5228746798555
Kenya,2004,
Kenya,2003,
Kenya,2002,
Kenya,2001,
Kenya,2000,
Kenya,1999,
Kenya,1998,
Kiribati,2023,
Kiribati,2022,
Kiribati,2021,
Kiribati,2020,
Kiribati,2019,63.166019338983
Kiribati,2018,
Kiribati,2017,
Kiribati,2016,
Kiribati,2015,
Kiribati,2014,
Kiribati,2013,
Kiribati,2012,
Kiribati,2011-21W,
Kiribati,2011-21S,
Kiribati,2011,
Kiribati,2010,
Kiribati,2009,
Kiribati,2008,
Kiribati,2007,
Kiribati,2006,
Kiribati,2005,
Kiribati,2004,
Kiribati,2003,
Kiribati,2002,
Kiribati,2001,
Kiribati,2000,
Kiribati,1999,
Kiribati,1998,
Kosovo,2023,
Kosovo,2022,
Kosovo,2021,
Kosovo,2020,
Kosovo,2019,
Kosovo,2018,
Kosovo,2017,29.4066441255364
Kosovo,2016,
Kosovo,2015,
Kosovo,2014,
Kosovo,2013,36.2187884221639
Kosovo,2012,30.2669229332907
Kosovo,2011-21W,
Kosovo,2011-21S,
Kosovo,2011,35.1124657175569
Kosovo,2010,
Kosovo,2009,
Kosovo,2008,
Kosovo,2007,
Kosovo,2006,19.6481549453949
Kosovo,2005,
Kosovo,2004,
Kosovo,2003,
Kosovo,2002,
Kosovo,2001,
Kosovo,2000,
Kosovo,1999,
Kosovo,1998,
Kyrgyz Republic,2023,
Kyrgyz Republic,2022,
Kyrgyz Republic,2021,
Kyrgyz Republic,2020,50.2783619301406
Kyrgyz Republic,2019,46.7125297383628
Kyrgyz Republic,2018,44.2122008985796
Kyrgyz Republic,2017,42.9762174638443
Kyrgyz Republic,2016,40.1971606756311
Kyrgyz Republic,2015,38.2324905289907
Kyrgyz Republic,2014,37.8525655865566
Kyrgyz Republic,2013,53.2476879276954
Kyrgyz Republic,2012,54.6571404184031
Kyrgyz Republic,2011-21W,
Kyrgyz Republic,2011-21S,
Kyrgyz Republic,2011,57.7015191627343
Kyrgyz Republic,2010,
Kyrgyz Republic,2009,
Kyrgyz Republic,2008,
Kyrgyz Republic,2007,
Kyrgyz Republic,2006,29.8765661674437
Kyrgyz Republic,2005,
Kyrgyz Republic,2004,
Kyrgyz Republic,2003,
Kyrgyz Republic,2002,
Kyrgyz Republic,2001,
Kyrgyz Republic,2000,
Kyrgyz Republic,1999,
Kyrgyz Republic,1998,
Lao PDR,2023,
Lao PDR,2022,
Lao PDR,2021,
Lao PDR,2020,
Lao PDR,2019,
Lao PDR,2018,4.70571235579799
Lao PDR,2017,
Lao PDR,2016,
Lao PDR,2015,
Lao PDR,2014,
Lao PDR,2013,
Lao PDR,2012,
Lao PDR,2011-21W,
Lao PDR,2011-21S,
Lao PDR,2011,
Lao PDR,2010,
Lao PDR,2009,
Lao PDR,2008,
Lao PDR,2007,4.59495573696496
Lao PDR,2006,
Lao PDR,2005,
Lao PDR,2004,
Lao PDR,2003,
Lao PDR,2002,
Lao PDR,2001,
Lao PDR,2000,
Lao PDR,1999,
Lao PDR,1998,
Latvia,2023,
Latvia,2022,
Latvia,2021,
Latvia,2020,
Latvia,2019,
Latvia,2018,
Latvia,2017,
Latvia,2016,
Latvia,2015,
Latvia,2014,
Latvia,2013,
Latvia,2012,
Latvia,2011-21W,
Latvia,2011-21S,
Latvia,2011,
Latvia,2010,
Latvia,2009,65.4002763205912
Latvia,2008,78.1255343562371
Latvia,2007,
Latvia,2006,
Latvia,2005,
Latvia,2004,
Latvia,2003,
Latvia,2002,
Latvia,2001,
Latvia,2000,
Latvia,1999,
Latvia,1998,
Lebanon,2023,
Lebanon,2022,
Lebanon,2021,
Lebanon,2020,
Lebanon,2019,
Lebanon,2018,
Lebanon,2017,
Lebanon,2016,
Lebanon,2015,
Lebanon,2014,
Lebanon,2013,
Lebanon,2012,
Lebanon,2011-21W,
Lebanon,2011-21S,
Lebanon,2011,
Lebanon,2010,
Lebanon,2009,
Lebanon,2008,
Lebanon,2007,
Lebanon,2006,
Lebanon,2005,
Lebanon,2004,79.868162374065
Lebanon,2003,
Lebanon,2002,
Lebanon,2001,
Lebanon,2000,
Lebanon,1999,
Lebanon,1998,
Lesotho,2023,
Lesotho,2022,
Lesotho,2021,
Lesotho,2020,
Lesotho,2019,
Lesotho,2018,
Lesotho,2017,49.5014250226855
Lesotho,2016,
Lesotho,2015,
Lesotho,2014,
Lesotho,2013,
Lesotho,2012,
Lesotho,2011-21W,
Lesotho,2011-21S,
Lesotho,2011,
Lesotho,2010,4.9826584813911
Lesotho,2009,
Lesotho,2008,
Lesotho,2007,
Lesotho,2006,
Lesotho,2005,
Lesotho,2004,
Lesotho,2003,
Lesotho,2002,
Lesotho,2001,
Lesotho,2000,
Lesotho,1999,
Lesotho,1998,
Liberia,2023,
Liberia,2022,
Liberia,2021,
Liberia,2020,
Liberia,2019,
Liberia,2018,
Liberia,2017,
Liberia,2016,8.73378293753655
Liberia,2015,
Liberia,2014,4.46177224115419
Liberia,2013,
Liberia,2012,
Liberia,2011-21W,
Liberia,2011-21S,
Liberia,2011,
Liberia,2010,
Liberia,2009,
Liberia,2008,
Liberia,2007,26.8241057427197
Liberia,2006,
Liberia,2005,
Liberia,2004,
Liberia,2003,
Liberia,2002,
Liberia,2001,
Liberia,2000,
Liberia,1999,
Liberia,1998,
Lithuania,2023,
Lithuania,2022,
Lithuania,2021,
Lithuania,2020,
Lithuania,2019,
Lithuania,2018,
Lithuania,2017,
Lithuania,2016,
Lithuania,2015,
Lithuania,2014,
Lithuania,2013,
Lithuania,2012,
Lithuania,2011-21W,
Lithuania,2011-21S,
Lithuania,2011,
Lithuania,2010,
Lithuania,2009,
Lithuania,2008,66.4208256937821
Lithuania,2007,
Lithuania,2006,
Lithuania,2005,
Lithuania,2004,
Lithuania,2003,
Lithuania,2002,
Lithuania,2001,
Lithuania,2000,
Lithuania,1999,
Lithuania,1998,
Madagascar,2023,
Madagascar,2022,
Madagascar,2021,
Madagascar,2020,
Madagascar,2019,
Madagascar,2018,
Madagascar,2017,
Madagascar,2016,
Madagascar,2015,
Madagascar,2014,
Madagascar,2013,
Madagascar,2012,
Madagascar,2011-21W,
Madagascar,2011-21S,
Madagascar,2011,
Madagascar,2010,16.124048889724
Madagascar,2009,
Madagascar,2008,
Madagascar,2007,
Madagascar,2006,
Madagascar,2005,
Madagascar,2004,
Madagascar,2003,
Madagascar,2002,
Madagascar,2001,
Madagascar,2000,
Madagascar,1999,
Madagascar,1998,
Malawi,2023,
Malawi,2022,
Malawi,2021,
Malawi,2020,
Malawi,2019,27.9450185140921
Malawi,2018,
Malawi,2017,
Malawi,2016,26.3673239924928
Malawi,2015,
Malawi,2014,
Malawi,2013,36.022158431998
Malawi,2012,
Malawi,2011-21W,
Malawi,2011-21S,
Malawi,2011,
Malawi,2010,20.6766749605847
Malawi,2009,
Malawi,2008,
Malawi,2007,
Malawi,2006,
Malawi,2005,
Malawi,2004,33.7425708037453
Malawi,2003,
Malawi,2002,
Malawi,2001,
Malawi,2000,
Malawi,1999,
Malawi,1998,
Malaysia,2023,
Malaysia,2022,
Malaysia,2021,
Malaysia,2020,
Malaysia,2019,
Malaysia,2018,
Malaysia,2017,
Malaysia,2016,46.0986337861238
Malaysia,2015,
Malaysia,2014,68.9879556152468
Malaysia,2013,
Malaysia,2012,55.8658901066613
Malaysia,2011-21W,
Malaysia,2011-21S,
Malaysia,2011,
Malaysia,2010,
Malaysia,2009,
Malaysia,2008,72.993348379005
Malaysia,2007,
Malaysia,2006,
Malaysia,2005,
Malaysia,2004,
Malaysia,2003,
Malaysia,2002,
Malaysia,2001,
Malaysia,2000,
Malaysia,1999,
Malaysia,1998,
Maldives,2023,
Maldives,2022,
Maldives,2021,
Maldives,2020,
Maldives,2019,20.6072438420672
Maldives,2018,
Maldives,2017,
Maldives,2016,16.4795711573628
Maldives,2015,
Maldives,2014,
Maldives,2013,
Maldives,2012,
Maldives,2011-21W,
Maldives,2011-21S,
Maldives,2011,
Maldives,2010,
Maldives,2009,29.3667960840613
Maldives,2008,
Maldives,2007,
Maldives,2006,
Maldives,2005,
Maldives,2004,12.7336873367377
Maldives,2003,
Maldives,2002,
Maldives,2001,
Maldives,2000,
Maldives,1999,
Maldives,1998,
Mali,2023,
Mali,2022,
Mali,2021,35.9276683660191
Mali,2020,
Mali,2019,
Mali,2018,25.9572771948103
Mali,2017,
Mali,2016,
Mali,2015,
Mali,2014,
Mali,2013,
Mali,2012,
Mali,2011-21W,
Mali,2011-21S,
Mali,2011,
Mali,2010,
Mali,2009,2.42294424004465
Mali,2008,
Mali,2007,
Mali,2006,
Mali,2005,
Mali,2004,
Mali,2003,
Mali,2002,
Mali,2001,
Mali,2000,
Mali,1999,
Mali,1998,
Marshall Islands,2023,
Marshall Islands,2022,
Marshall Islands,2021,
Marshall Islands,2020,
Marshall Islands,2019,71.2323338719324
Marshall Islands,2018,
Marshall Islands,2017,
Marshall Islands,2016,
Marshall Islands,2015,
Marshall Islands,2014,
Marshall Islands,2013,
Marshall Islands,2012,
Marshall Islands,2011-21W,
Marshall Islands,2011-21S,
Marshall Islands,2011,
Marshall Islands,2010,
Marshall Islands,2009,
Marshall Islands,2008,
Marshall Islands,2007,
Marshall Islands,2006,
Marshall Islands,2005,
Marshall Islands,2004,
Marshall Islands,2003,
Marshall Islands,2002,
Marshall Islands,2001,
Marshall Islands,2000,
Marshall Islands,1999,22.2833150054983
Marshall Islands,1998,
Mauritania,2023,
Mauritania,2022,
Mauritania,2021,
Mauritania,2020,
Mauritania,2019,
Mauritania,2018,
Mauritania,2017,
Mauritania,2016,
Mauritania,2015,
Mauritania,2014,37.2752618961779
Mauritania,2013,
Mauritania,2012,
Mauritania,2011-21W,
Mauritania,2011-21S,
Mauritania,2011,
Mauritania,2010,
Mauritania,2009,
Mauritania,2008,38.594651138036
Mauritania,2007,
Mauritania,2006,
Mauritania,2005,
Mauritania,2004,
Mauritania,2003,
Mauritania,2002,
Mauritania,2001,
Mauritania,2000,
Mauritania,1999,
Mauritania,1998,
Mauritius,2023,
Mauritius,2022,
Mauritius,2021,
Mauritius,2020,
Mauritius,2019,
Mauritius,2018,
Mauritius,2017,52.7640589014352
Mauritius,2016,
Mauritius,2015,
Mauritius,2014,
Mauritius,2013,
Mauritius,2012,41.7202724054608
Mauritius,2011-21W,
Mauritius,2011-21S,
Mauritius,2011,
Mauritius,2010,
Mauritius,2009,
Mauritius,2008,
Mauritius,2007,
Mauritius,2006,38.7261005295592
Mauritius,2005,
Mauritius,2004,
Mauritius,2003,
Mauritius,2002,
Mauritius,2001,
Mauritius,2000,
Mauritius,1999,
Mauritius,1998,
Mexico,2023,
Mexico,2022,42.4222680578623
Mexico,2021,
Mexico,2020,43.0439084143974
Mexico,2019,
Mexico,2018,34.8565814595868
Mexico,2017,
Mexico,2016,37.6981023214019
Mexico,2015,
Mexico,2014,30.4071407953231
Mexico,2013,
Mexico,2012,31.9767469360734
Mexico,2011-21W,
Mexico,2011-21S,
Mexico,2011,
Mexico,2010,28.2766611862217
Mexico,2009,
Mexico,2008,25.4083940194383
Mexico,2007,
Mexico,2006,
Mexico,2005,
Mexico,2004,
Mexico,2003,
Mexico,2002,
Mexico,2001,
Mexico,2000,
Mexico,1999,
Mexico,1998,
"Micronesia, Fed. Sts.",2023,
"Micronesia, Fed. Sts.",2022,
"Micronesia, Fed. Sts.",2021,
"Micronesia, Fed. Sts.",2020,
"Micronesia, Fed. Sts.",2019,
"Micronesia, Fed. Sts.",2018,
"Micronesia, Fed. Sts.",2017,
"Micronesia, Fed. Sts.",2016,
"Micronesia, Fed. Sts.",2015,
"Micronesia, Fed. Sts.",2014,
"Micronesia, Fed. Sts.",2013,
"Micronesia, Fed. Sts.",2012,
"Micronesia, Fed. Sts.",2011-21W,
"Micronesia, Fed. Sts.",2011-21S,
"Micronesia, Fed. Sts.",2011,
"Micronesia, Fed. Sts.",2010,
"Micronesia, Fed. Sts.",2009,
"Micronesia, Fed. Sts.",2008,
"Micronesia, Fed. Sts.",2007,
"Micronesia, Fed. Sts.",2006,
"Micronesia, Fed. Sts.",2005,
"Micronesia, Fed. Sts.",2004,
"Micronesia, Fed. Sts.",2003,
"Micronesia, Fed. Sts.",2002,
"Micronesia, Fed. Sts.",2001,
"Micronesia, Fed. Sts.",2000,20.87639520463
"Micronesia, Fed. Sts.",1999,
"Micronesia, Fed. Sts.",1998,
Moldova,2023,
Moldova,2022,
Moldova,2021,
Moldova,2020,
Moldova,2019,
Moldova,2018,44.3186963197465
Moldova,2017,49.3644401461485
Moldova,2016,
Moldova,2015,
Moldova,2014,
Moldova,2013,48.3761549290668
Moldova,2012,41.7510293588133
Moldova,2011-21W,
Moldova,2011-21S,
Moldova,2011,
Moldova,2010,42.045026439594
Moldova,2009,
Moldova,2008,
Moldova,2007,
Moldova,2006,
Moldova,2005,
Moldova,2004,
Moldova,2003,
Moldova,2002,
Moldova,2001,
Moldova,2000,
Moldova,1999,
Moldova,1998,
Mongolia,2023,
Mongolia,2022,
Mongolia,2021,
Mongolia,2020,80.7409547852766
Mongolia,2019,
Mongolia,2018,79.086324203017
Mongolia,2017,
Mongolia,2016,84.3716172642902
Mongolia,2015,
Mongolia,2014,84.0136975216034
Mongolia,2013,
Mongolia,2012,99.8303014816448
Mongolia,2011-21W,
Mongolia,2011-21S,
Mongolia,2011,99.3698230775957
Mongolia,2010,93.5879474001343
Mongolia,2009,84.3897864991529
Mongolia,2008,
Mongolia,2007,86.1131842507911
Mongolia,2006,
Mongolia,2005,
Mongolia,2004,
Mongolia,2003,
Mongolia,2002,
Mongolia,2001,
Mongolia,2000,
Mongolia,1999,
Mongolia,1998,
Montenegro,2023,
Montenegro,2022,
Montenegro,2021,
Montenegro,2020,
Montenegro,2019,
Montenegro,2018,
Montenegro,2017,
Montenegro,2016,
Montenegro,2015,
Montenegro,2014,50.9534542895321
Montenegro,2013,50.4867312850684
Montenegro,2012,44.8619192740855
Montenegro,2011-21W,
Montenegro,2011-21S,
Montenegro,2011,56.848922066321
Montenegro,2010,
Montenegro,2009,
Montenegro,2008,
Montenegro,2007,
Montenegro,2006,
Montenegro,2005,
Montenegro,2004,
Montenegro,2003,
Montenegro,2002,
Montenegro,2001,
Montenegro,2000,
Montenegro,1999,
Montenegro,1998,
Morocco,2023,
Morocco,2022,
Morocco,2021,
Morocco,2020,
Morocco,2019,
Morocco,2018,
Morocco,2017,
Morocco,2016,
Morocco,2015,
Morocco,2014,
Morocco,2013,
Morocco,2012,
Morocco,2011-21W,
Morocco,2011-21S,
Morocco,2011,
Morocco,2010,
Morocco,2009,24.9594366331216
Morocco,2008,
Morocco,2007,
Morocco,2006,
Morocco,2005,
Morocco,2004,
Morocco,2003,
Morocco,2002,
Morocco,2001,
Morocco,2000,
Morocco,1999,
Morocco,1998,
Mozambique,2023,
Mozambique,2022,
Mozambique,2021,
Mozambique,2020,
Mozambique,2019,7.93242733196002
Mozambique,2018,
Mozambique,2017,
Mozambique,2016,
Mozambique,2015,
Mozambique,2014,10.7210607961268
Mozambique,2013,
Mozambique,2012,
Mozambique,2011-21W,
Mozambique,2011-21S,
Mozambique,2011,
Mozambique,2010,
Mozambique,2009,
Mozambique,2008,6.25294607922767
Mozambique,2007,
Mozambique,2006,
Mozambique,2005,
Mozambique,2004,
Mozambique,2003,
Mozambique,2002,
Mozambique,2001,
Mozambique,2000,
Mozambique,1999,
Mozambique,1998,
Myanmar,2023,
Myanmar,2022,
Myanmar,2021,
Myanmar,2020,
Myanmar,2019,
Myanmar,2018,
Myanmar,2017,16.4914966798977
Myanmar,2016,
Myanmar,2015,
Myanmar,2014,
Myanmar,2013,
Myanmar,2012,
Myanmar,2011-21W,
Myanmar,2011-21S,
Myanmar,2011,
Myanmar,2010,
Myanmar,2009,5.77055853771429
Myanmar,2008,
Myanmar,2007,
Myanmar,2006,
Myanmar,2005,
Myanmar,2004,
Myanmar,2003,
Myanmar,2002,
Myanmar,2001,
Myanmar,2000,
Myanmar,1999,
Myanmar,1998,
Namibia,2023,
Namibia,2022,
Namibia,2021,
Namibia,2020,
Namibia,2019,
Namibia,2018,
Namibia,2017,
Namibia,2016,
Namibia,2015,28.7310806967811
Namibia,2014,
Namibia,2013,
Namibia,2012,
Namibia,2011-21W,
Namibia,2011-21S,
Namibia,2011,
Namibia,2010,
Namibia,2009,4.60720284102955
Namibia,2008,
Namibia,2007,
Namibia,2006,
Namibia,2005,
Namibia,2004,
Namibia,2003,3.35416360508015
Namibia,2002,
Namibia,2001,
Namibia,2000,
Namibia,1999,
Namibia,1998,
Nepal,2023,
Nepal,2022,
Nepal,2021,
Nepal,2020,
Nepal,2019,
Nepal,2018,
Nepal,2017,
Nepal,2016,
Nepal,2015,
Nepal,2014,
Nepal,2013,
Nepal,2012,
Nepal,2011-21W,
Nepal,2011-21S,
Nepal,2011,
Nepal,2010,37.5417062118285
Nepal,2009,
Nepal,2008,
Nepal,2007,
Nepal,2006,
Nepal,2005,
Nepal,2004,
Nepal,2003,
Nepal,2002,
Nepal,2001,
Nepal,2000,
Nepal,1999,
Nepal,1998,
Nicaragua,2023,
Nicaragua,2022,
Nicaragua,2021,
Nicaragua,2020,
Nicaragua,2019,
Nicaragua,2018,
Nicaragua,2017,
Nicaragua,2016,
Nicaragua,2015,
Nicaragua,2014,54.4855249698395
Nicaragua,2013,
Nicaragua,2012,
Nicaragua,2011-21W,
Nicaragua,2011-21S,
Nicaragua,2011,
Nicaragua,2010,
Nicaragua,2009,35.054099389892
Nicaragua,2008,
Nicaragua,2007,
Nicaragua,2006,
Nicaragua,2005,52.5474412707186
Nicaragua,2004,
Nicaragua,2003,
Nicaragua,2002,
Nicaragua,2001,
Nicaragua,2000,
Nicaragua,1999,
Nicaragua,1998,
Niger,2023,
Niger,2022,
Niger,2021,25.9347907946977
Niger,2020,
Niger,2019,
Niger,2018,19.604319840236
Niger,2017,
Niger,2016,
Niger,2015,
Niger,2014,19.7793451697256
Niger,2013,
Niger,2012,
Niger,2011-21W,
Niger,2011-21S,
Niger,2011,6.8190918952239
Niger,2010,
Niger,2009,
Niger,2008,
Niger,2007,
Niger,2006,
Niger,2005,
Niger,2004,
Niger,2003,
Niger,2002,
Niger,2001,
Niger,2000,
Niger,1999,
Niger,1998,
Nigeria,2023,
Nigeria,2022,
Nigeria,2021,
Nigeria,2020,
Nigeria,2019,
Nigeria,2018,11.8731909740762
Nigeria,2017,
Nigeria,2016,
Nigeria,2015,8.36761451155358
Nigeria,2014,
Nigeria,2013,
Nigeria,2012,3.52213081581851
Nigeria,2011-21W,
Nigeria,2011-21S,
Nigeria,2011,
Nigeria,2010,1.67171559834378
Nigeria,2009,
Nigeria,2008,
Nigeria,2007,
Nigeria,2006,
Nigeria,2005,
Nigeria,2004,
Nigeria,2003,
Nigeria,2002,
Nigeria,2001,
Nigeria,2000,
Nigeria,1999,
Nigeria,1998,
Pakistan,2023,
Pakistan,2022,
Pakistan,2021,
Pakistan,2020,
Pakistan,2019,
Pakistan,2018,21.0574592469756
Pakistan,2017,
Pakistan,2016,
Pakistan,2015,12.9575617613334
Pakistan,2014,
Pakistan,2013,16.8148791832016
Pakistan,2012,
Pakistan,2011-21W,
Pakistan,2011-21S,
Pakistan,2011,
Pakistan,2010,
Pakistan,2009,20.5948969964702
Pakistan,2008,
Pakistan,2007,15.7033244256039
Pakistan,2006,
Pakistan,2005,
Pakistan,2004,
Pakistan,2003,
Pakistan,2002,
Pakistan,2001,
Pakistan,2000,
Pakistan,1999,
Pakistan,1998,
Palau,2023,
Palau,2022,
Palau,2021,
Palau,2020,
Palau,2019,
Palau,2018,
Palau,2017,
Palau,2016,
Palau,2015,
Palau,2014,
Palau,2013,
Palau,2012,
Palau,2011-21W,
Palau,2011-21S,
Palau,2011,
Palau,2010,
Palau,2009,
Palau,2008,
Palau,2007,
Palau,2006,35.7379501313381
Palau,2005,
Palau,2004,
Palau,2003,
Palau,2002,
Palau,2001,
Palau,2000,
Palau,1999,
Palau,1998,
Panama,2023,58.2350015624519
Panama,2022,
Panama,2021,70.4625679083768
Panama,2020,
Panama,2019,56.3705396932903
Panama,2018,55.8049362285068
Panama,2017,50.9810361499917
Panama,2016,50.1217763734894
Panama,2015,49.3644686126386
Panama,2014,43.4103904801154
Panama,2013,45.3827264438562
Panama,2012,41.6557533262373
Panama,2011-21W,
Panama,2011-21S,
Panama,2011,40.7930009417528
Panama,2010,43.8941747741588
Panama,2009,43.2862383140311
Panama,2008,50.4219358197481
Panama,2007,
Panama,2006,
Panama,2005,
Panama,2004,
Panama,2003,
Panama,2002,
Panama,2001,
Panama,2000,
Panama,1999,
Panama,1998,
Papua New Guinea,2023,
Papua New Guinea,2022,
Papua New Guinea,2021,
Papua New Guinea,2020,
Papua New Guinea,2019,
Papua New Guinea,2018,
Papua New Guinea,2017,
Papua New Guinea,2016,
Papua New Guinea,2015,
Papua New Guinea,2014,
Papua New Guinea,2013,
Papua New Guinea,2012,
Papua New Guinea,2011-21W,
Papua New Guinea,2011-21S,
Papua New Guinea,2011,
Papua New Guinea,2010,
Papua New Guinea,2009,7.66202542939985
Papua New Guinea,2008,
Papua New Guinea,2007,
Papua New Guinea,2006,
Papua New Guinea,2005,
Papua New Guinea,2004,
Papua New Guinea,2003,
Papua New Guinea,2002,
Papua New Guinea,2001,
Papua New Guinea,2000,
Papua New Guinea,1999,
Papua New Guinea,1998,
Paraguay,2023,
Paraguay,2022,31.113464920692
Paraguay,2021,31.9985685325447
Paraguay,2020,52.8492667699701
Paraguay,2019,39.793681799619
Paraguay,2018,41.7457059412949
Paraguay,2017,39.3752351615789
Paraguay,2016,39.920111404824
Paraguay,2015,40.875742120857
Paraguay,2014,35.7845788900246
Paraguay,2013,36.2217197390689
Paraguay,2012,39.0831837204304
Paraguay,2011-21W,
Paraguay,2011-21S,
Paraguay,2011,33.5875524471219
Paraguay,2010,32.4233579158304
Paraguay,2009,33.6339958591802
Paraguay,2008,30.4701686884572
Paraguay,2007,24.3973155922257
Paraguay,2006,
Paraguay,2005,
Paraguay,2004,
Paraguay,2003,
Paraguay,2002,
Paraguay,2001,
Paraguay,2000,
Paraguay,1999,
Paraguay,1998,
Peru,2023,
Peru,2022,62.547684635766
Peru,2021,78.0149893308697
Peru,2020,64.1076872809147
Peru,2019,38.2727145076741
Peru,2018,39.1939748530929
Peru,2017,38.3759875792051
Peru,2016,39.334499693514
Peru,2015,40.2235154383839
Peru,2014,40.1023367310547
Peru,2013,40.2671733410347
Peru,2012,87.9946124588949
Peru,2011-21W,
Peru,2011-21S,
Peru,2011,43.3273988581251
Peru,2010,45.5237528238097
Peru,2009,39.7947348524194
Peru,2008,34.6181053170836
Peru,2007,
Peru,2006,
Peru,2005,
Peru,2004,
Peru,2003,
Peru,2002,
Peru,2001,
Peru,2000,
Peru,1999,
Peru,1998,
Philippines,2023,
Philippines,2022,
Philippines,2021,
Philippines,2020,
Philippines,2019,
Philippines,2018,31.7687015485497
Philippines,2017,
Philippines,2016,
Philippines,2015,23.8318823713598
Philippines,2014,
Philippines,2013,27.0802316606988
Philippines,2012,
Philippines,2011-21W,
Philippines,2011-21S,
Philippines,2011,
Philippines,2010,
Philippines,2009,
Philippines,2008,
Philippines,2007,
Philippines,2006,17.0061643703186
Philippines,2005,
Philippines,2004,
Philippines,2003,
Philippines,2002,
Philippines,2001,
Philippines,2000,
Philippines,1999,
Philippines,1998,
Poland,2023,
Poland,2022,
Poland,2021,
Poland,2020,
Poland,2019,65.042533032352
Poland,2018,
Poland,2017,49.2334848394888
Poland,2016,51.2576906725571
Poland,2015,51.9720987599073
Poland,2014,
Poland,2013,
Poland,2012,51.9439747980041
Poland,2011-21W,
Poland,2011-21S,
Poland,2011,54.0922862242397
Poland,2010,54.7477115325836
Poland,2009,57.4139919704099
Poland,2008,58.1480507112873
Poland,2007,61.4173167272368
Poland,2006,64.8665341404609
Poland,2005,67.8830687048897
Poland,2004,
Poland,2003,
Poland,2002,
Poland,2001,
Poland,2000,
Poland,1999,
Poland,1998,
Romania,2023,
Romania,2022,
Romania,2021,61.2149688800884
Romania,2020,60.966163306755
Romania,2019,61.6510101695779
Romania,2018,
Romania,2017,
Romania,2016,62.0696055672286
Romania,2015,
Romania,2014,
Romania,2013,
Romania,2012,68.8457421134626
Romania,2011-21W,
Romania,2011-21S,
Romania,2011,70.9463441979415
Romania,2010,
Romania,2009,
Romania,2008,67.6969229672928
Romania,2007,
Romania,2006,
Romania,2005,
Romania,2004,
Romania,2003,
Romania,2002,
Romania,2001,
Romania,2000,
Romania,1999,
Romania,1998,
Russian Federation,2023,
Russian Federation,2022,
Russian Federation,2021,
Russian Federation,2020,
Russian Federation,2019,
Russian Federation,2018,
Russian Federation,2017,60.4938231549826
Russian Federation,2016,62.3985010407103
Russian Federation,2015,63.5704587315175
Russian Federation,2014,63.7534100093082
Russian Federation,2013,
Russian Federation,2012,
Russian Federation,2011-21W,
Russian Federation,2011-21S,
Russian Federation,2011,
Russian Federation,2010,
Russian Federation,2009,
Russian Federation,2008,
Russian Federation,2007,44.4657200166059
Russian Federation,2006,
Russian Federation,2005,
Russian Federation,2004,
Russian Federation,2003,
Russian Federation,2002,
Russian Federation,2001,
Russian Federation,2000,
Russian Federation,1999,
Russian Federation,1998,
Rwanda,2023,
Rwanda,2022,
Rwanda,2021,
Rwanda,2020,
Rwanda,2019,
Rwanda,2018,
Rwanda,2017,
Rwanda,2016,
Rwanda,2015,
Rwanda,2014,
Rwanda,2013,20.3093266873731
Rwanda,2012,
Rwanda,2011-21W,
Rwanda,2011-21S,
Rwanda,2011,
Rwanda,2010,24.9194795496024
Rwanda,2009,
Rwanda,2008,
Rwanda,2007,
Rwanda,2006,
Rwanda,2005,55.3935353923861
Rwanda,2004,
Rwanda,2003,
Rwanda,2002,
Rwanda,2001,
Rwanda,2000,
Rwanda,1999,
Rwanda,1998,
Samoa,2023,
Samoa,2022,
Samoa,2021,
Samoa,2020,
Samoa,2019,
Samoa,2018,
Samoa,2017,
Samoa,2016,
Samoa,2015,
Samoa,2014,
Samoa,2013,
Samoa,2012,
Samoa,2011-21W,
Samoa,2011-21S,
Samoa,2011,
Samoa,2010,
Samoa,2009,
Samoa,2008,33.3550575021123
Samoa,2007,
Samoa,2006,
Samoa,2005,
Samoa,2004,
Samoa,2003,
Samoa,2002,
Samoa,2001,
Samoa,2000,
Samoa,1999,
Samoa,1998,
Sao Tome and Principe,2023,
Sao Tome and Principe,2022,
Sao Tome and Principe,2021,
Sao Tome and Principe,2020,
Sao Tome and Principe,2019,
Sao Tome and Principe,2018,
Sao Tome and Principe,2017,18.4877675981333
Sao Tome and Principe,2016,
Sao Tome and Principe,2015,
Sao Tome and Principe,2014,
Sao Tome and Principe,2013,
Sao Tome and Principe,2012,
Sao Tome and Principe,2011-21W,
Sao Tome and Principe,2011-21S,
Sao Tome and Principe,2011,
Sao Tome and Principe,2010,
Sao Tome and Principe,2009,
Sao Tome and Principe,2008,
Sao Tome and Principe,2007,
Sao Tome and Principe,2006,
Sao Tome and Principe,2005,
Sao Tome and Principe,2004,
Sao Tome and Principe,2003,
Sao Tome and Principe,2002,
Sao Tome and Principe,2001,
Sao Tome and Principe,2000,
Sao Tome and Principe,1999,
Sao Tome and Principe,1998,
Senegal,2023,
Senegal,2022,
Senegal,2021,32.9072648830723
Senegal,2020,
Senegal,2019,
Senegal,2018,31.3106034760406
Senegal,2017,
Senegal,2016,
Senegal,2015,
Senegal,2014,
Senegal,2013,
Senegal,2012,
Senegal,2011-21W,
Senegal,2011-21S,
Senegal,2011,25.8846574053326
Senegal,2010,
Senegal,2009,
Senegal,2008,
Senegal,2007,
Senegal,2006,
Senegal,2005,
Senegal,2004,
Senegal,2003,
Senegal,2002,
Senegal,2001,
Senegal,2000,
Senegal,1999,
Senegal,1998,
Serbia,2023,
Serbia,2022,48.3621070845153
Serbia,2021,54.0276867947415
Serbia,2020,
Serbia,2019,48.956579156463
Serbia,2018,44.9888646188885
Serbia,2017,
Serbia,2016,
Serbia,2015,47.1497104278316
Serbia,2014,
Serbia,2013,55.2715905085313
Serbia,2012,
Serbia,2011-21W,
Serbia,2011-21S,
Serbia,2011,
Serbia,2010,58.2124896090354
Serbia,2009,
Serbia,2008,
Serbia,2007,58.0048832057562
Serbia,2006,
Serbia,2005,
Serbia,2004,
Serbia,2003,
Serbia,2002,
Serbia,2001,
Serbia,2000,
Serbia,1999,
Serbia,1998,
Sierra Leone,2023,
Sierra Leone,2022,
Sierra Leone,2021,
Sierra Leone,2020,
Sierra Leone,2019,
Sierra Leone,2018,12.4021042907226
Sierra Leone,2017,
Sierra Leone,2016,
Sierra Leone,2015,
Sierra Leone,2014,
Sierra Leone,2013,
Sierra Leone,2012,
Sierra Leone,2011-21W,
Sierra Leone,2011-21S,
Sierra Leone,2011,27.47439502342
Sierra Leone,2010,
Sierra Leone,2009,
Sierra Leone,2008,
Sierra Leone,2007,
Sierra Leone,2006,
Sierra Leone,2005,
Sierra Leone,2004,
Sierra Leone,2003,
Sierra Leone,2002,
Sierra Leone,2001,
Sierra Leone,2000,
Sierra Leone,1999,
Sierra Leone,1998,
Slovak Republic,2023,
Slovak Republic,2022,
Slovak Republic,2021,
Slovak Republic,2020,
Slovak Republic,2019,
Slovak Republic,2018,
Slovak Republic,2017,
Slovak Republic,2016,
Slovak Republic,2015,
Slovak Republic,2014,
Slovak Republic,2013,
Slovak Republic,2012,
Slovak Republic,2011-21W,
Slovak Republic,2011-21S,
Slovak Republic,2011,
Slovak Republic,2010,
Slovak Republic,2009,67.9104449281309
Slovak Republic,2008,
Slovak Republic,2007,
Slovak Republic,2006,
Slovak Republic,2005,
Slovak Republic,2004,
Slovak Republic,2003,
Slovak Republic,2002,
Slovak Republic,2001,
Slovak Republic,2000,
Slovak Republic,1999,
Slovak Republic,1998,
Solomon Islands,2023,
Solomon Islands,2022,
Solomon Islands,2021,
Solomon Islands,2020,
Solomon Islands,2019,
Solomon Islands,2018,
Solomon Islands,2017,
Solomon Islands,2016,
Solomon Islands,2015,
Solomon Islands,2014,
Solomon Islands,2013,
Solomon Islands,2012,
Solomon Islands,2011-21W,
Solomon Islands,2011-21S,
Solomon Islands,2011,
Solomon Islands,2010,
Solomon Islands,2009,
Solomon Islands,2008,
Solomon Islands,2007,
Solomon Islands,2006,
Solomon Islands,2005,4.1583644736649
Solomon Islands,2004,
Solomon Islands,2003,
Solomon Islands,2002,
Solomon Islands,2001,
Solomon Islands,2000,
Solomon Islands,1999,
Solomon Islands,1998,
Somalia,2023,
Somalia,2022,
Somalia,2021,
Somalia,2020,
Somalia,2019,
Somalia,2018,
Somalia,2017,8.25355394967771
Somalia,2016,
Somalia,2015,
Somalia,2014,
Somalia,2013,
Somalia,2012,
Somalia,2011-21W,
Somalia,2011-21S,
Somalia,2011,
Somalia,2010,
Somalia,2009,
Somalia,2008,
Somalia,2007,
Somalia,2006,
Somalia,2005,
Somalia,2004,
Somalia,2003,
Somalia,2002,
Somalia,2001,
Somalia,2000,
Somalia,1999,
Somalia,1998,
South Africa,2023,
South Africa,2022,
South Africa,2021,40.8726805191034
South Africa,2020,38.0508897597349
South Africa,2019,57.0815242757357
South Africa,2018,41.8109898887287
South Africa,2017,
South Africa,2016,39.0716524722052
South Africa,2015,
South Africa,2014,49.8892214381661
South Africa,2013,
South Africa,2012,
South Africa,2011-21W,
South Africa,2011-21S,
South Africa,2011,
South Africa,2010,28.9591414641195
South Africa,2009,
South Africa,2008,
South Africa,2007,
South Africa,2006,
South Africa,2005,19.2222189310845
South Africa,2004,
South Africa,2003,
South Africa,2002,
South Africa,2001,
South Africa,2000,
South Africa,1999,
South Africa,1998,
South Sudan,2023,
South Sudan,2022,
South Sudan,2021,
South Sudan,2020,
South Sudan,2019,
South Sudan,2018,
South Sudan,2017,
South Sudan,2016,
South Sudan,2015,
South Sudan,2014,
South Sudan,2013,
South Sudan,2012,
South Sudan,2011-21W,
South Sudan,2011-21S,
South Sudan,2011,
South Sudan,2010,
South Sudan,2009,8.2962499156296
South Sudan,2008,
South Sudan,2007,
South Sudan,2006,
South Sudan,2005,
South Sudan,2004,
South Sudan,2003,
South Sudan,2002,
South Sudan,2001,
South Sudan,2000,
South Sudan,1999,
South Sudan,1998,
Sri Lanka,2023,
Sri Lanka,2022,
Sri Lanka,2021,
Sri Lanka,2020,
Sri Lanka,2019,27.6596537274952
Sri Lanka,2018,
Sri Lanka,2017,
Sri Lanka,2016,24.9707433574796
Sri Lanka,2015,
Sri Lanka,2014,
Sri Lanka,2013,
Sri Lanka,2012,23.2429534799463
Sri Lanka,2011-21W,
Sri Lanka,2011-21S,
Sri Lanka,2011,
Sri Lanka,2010,
Sri Lanka,2009,17.8366702244602
Sri Lanka,2008,
Sri Lanka,2007,
Sri Lanka,2006,20.5632183983321
Sri Lanka,2005,
Sri Lanka,2004,
Sri Lanka,2003,
Sri Lanka,2002,
Sri Lanka,2001,
Sri Lanka,2000,
Sri Lanka,1999,
Sri Lanka,1998,
Sudan,2023,
Sudan,2022,
Sudan,2021,
Sudan,2020,
Sudan,2019,
Sudan,2018,
Sudan,2017,
Sudan,2016,
Sudan,2015,
Sudan,2014,
Sudan,2013,
Sudan,2012,
Sudan,2011-21W,
Sudan,2011-21S,
Sudan,2011,
Sudan,2010,
Sudan,2009,2.33339743523118
Sudan,2008,
Sudan,2007,
Sudan,2006,
Sudan,2005,
Sudan,2004,
Sudan,2003,
Sudan,2002,
Sudan,2001,
Sudan,2000,
Sudan,1999,
Sudan,1998,
Syrian Arab Republic,2023,
Syrian Arab Republic,2022,
Syrian Arab Republic,2021,
Syrian Arab Republic,2020,
Syrian Arab Republic,2019,
Syrian Arab Republic,2018,
Syrian Arab Republic,2017,
Syrian Arab Republic,2016,
Syrian Arab Republic,2015,
Syrian Arab Republic,2014,
Syrian Arab Republic,2013,
Syrian Arab Republic,2012,
Syrian Arab Republic,2011-21W,
Syrian Arab Republic,2011-21S,
Syrian Arab Republic,2011,
Syrian Arab Republic,2010,
Syrian Arab Republic,2009,
Syrian Arab Republic,2008,
Syrian Arab Republic,2007,
Syrian Arab Republic,2006,
Syrian Arab Republic,2005,
Syrian Arab Republic,2004,
Syrian Arab Republic,2003,13.6081700949139
Syrian Arab Republic,2002,
Syrian Arab Republic,2001,
Syrian Arab Republic,2000,
Syrian Arab Republic,1999,
Syrian Arab Republic,1998,
Tajikistan,2023,
Tajikistan,2022,
Tajikistan,2021,
Tajikistan,2020,
Tajikistan,2019,
Tajikistan,2018,
Tajikistan,2017,
Tajikistan,2016,
Tajikistan,2015,
Tajikistan,2014,
Tajikistan,2013,
Tajikistan,2012,
Tajikistan,2011-21W,
Tajikistan,2011-21S,
Tajikistan,2011,32.3379542819635
Tajikistan,2010,
Tajikistan,2009,
Tajikistan,2008,
Tajikistan,2007,
Tajikistan,2006,
Tajikistan,2005,
Tajikistan,2004,
Tajikistan,2003,
Tajikistan,2002,
Tajikistan,2001,
Tajikistan,2000,
Tajikistan,1999,
Tajikistan,1998,
Tanzania,2023,
Tanzania,2022,
Tanzania,2021,
Tanzania,2020,
Tanzania,2019,
Tanzania,2018,
Tanzania,2017,
Tanzania,2016,
Tanzania,2015,
Tanzania,2014,14.2329989013545
Tanzania,2013,
Tanzania,2012,27.0494349333468
Tanzania,2011-21W,
Tanzania,2011-21S,
Tanzania,2011,
Tanzania,2010,24.1103430170122
Tanzania,2009,
Tanzania,2008,11.9337521932062
Tanzania,2007,
Tanzania,2006,
Tanzania,2005,
Tanzania,2004,
Tanzania,2003,
Tanzania,2002,
Tanzania,2001,
Tanzania,2000,
Tanzania,1999,
Tanzania,1998,
Thailand,2023,
Thailand,2022,
Thailand,2021,71.5583403102228
Thailand,2020,65.0746445709466
Thailand,2019,56.1197795155818
Thailand,2018,55.5555860399505
Thailand,2017,53.9754595779542
Thailand,2016,
Thailand,2015,
Thailand,2014,
Thailand,2013,37.2522948229479
Thailand,2012,
Thailand,2011-21W,
Thailand,2011-21S,
Thailand,2011,42.3696577885673
Thailand,2010,
Thailand,2009,41.3729152235554
Thailand,2008,
Thailand,2007,
Thailand,2006,19.7840198376775
Thailand,2005,
Thailand,2004,
Thailand,2003,
Thailand,2002,
Thailand,2001,
Thailand,2000,
Thailand,1999,
Thailand,1998,
Timor-Leste,2023,
Timor-Leste,2022,
Timor-Leste,2021,
Timor-Leste,2020,
Timor-Leste,2019,
Timor-Leste,2018,
Timor-Leste,2017,
Timor-Leste,2016,
Timor-Leste,2015,
Timor-Leste,2014,
Timor-Leste,2013,
Timor-Leste,2012,
Timor-Leste,2011-21W,
Timor-Leste,2011-21S,
Timor-Leste,2011,30.4304304770718
Timor-Leste,2010,
Timor-Leste,2009,
Timor-Leste,2008,
Timor-Leste,2007,28.649420202293
Timor-Leste,2006,
Timor-Leste,2005,
Timor-Leste,2004,
Timor-Leste,2003,
Timor-Leste,2002,
Timor-Leste,2001,
Timor-Leste,2000,
Timor-Leste,1999,
Timor-Leste,1998,
Togo,2023,
Togo,2022,
Togo,2021,24.3308318604333
Togo,2020,
Togo,2019,
Togo,2018,14.0115038045412
Togo,2017,
Togo,2016,
Togo,2015,
Togo,2014,
Togo,2013,
Togo,2012,
Togo,2011-21W,
Togo,2011-21S,
Togo,2011,9.1508362651157
Togo,2010,
Togo,2009,
Togo,2008,
Togo,2007,
Togo,2006,
Togo,2005,
Togo,2004,
Togo,2003,
Togo,2002,
Togo,2001,
Togo,2000,
Togo,1999,
Togo,1998,
Tonga,2023,
Tonga,2022,
Tonga,2021,
Tonga,2020,
Tonga,2019,
Tonga,2018,
Tonga,2017,
Tonga,2016,
Tonga,2015,
Tonga,2014,
Tonga,2013,
Tonga,2012,
Tonga,2011-21W,
Tonga,2011-21S,
Tonga,2011,
Tonga,2010,
Tonga,2009,
Tonga,2008,
Tonga,2007,
Tonga,2006,
Tonga,2005,
Tonga,2004,
Tonga,2003,
Tonga,2002,
Tonga,2001,
Tonga,2000,
Tonga,1999,
Tonga,1998,
Tunisia,2023,
Tunisia,2022,
Tunisia,2021,5.47628416064743
Tunisia,2020,
Tunisia,2019,
Tunisia,2018,
Tunisia,2017,
Tunisia,2016,
Tunisia,2015,14.6663404144155
Tunisia,2014,
Tunisia,2013,
Tunisia,2012,
Tunisia,2011-21W,
Tunisia,2011-21S,
Tunisia,2011,
Tunisia,2010,10.2806234359741
Tunisia,2009,
Tunisia,2008,
Tunisia,2007,
Tunisia,2006,
Tunisia,2005,
Tunisia,2004,
Tunisia,2003,
Tunisia,2002,
Tunisia,2001,
Tunisia,2000,
Tunisia,1999,
Tunisia,1998,
Turkiye,2023,
Turkiye,2022,
Turkiye,2021,
Turkiye,2020,
Turkiye,2019,43.6504868909755
Turkiye,2018,45.8078455772666
Turkiye,2017,44.8268137798455
Turkiye,2016,43.6045328578832
Turkiye,2015,44.6446352246331
Turkiye,2014,45.7258124962627
Turkiye,2013,44.0195193570125
Turkiye,2012,43.3894884817365
Turkiye,2011-21W,
Turkiye,2011-21S,
Turkiye,2011,45.3132868488697
Turkiye,2010,47.3798003378398
Turkiye,2009,47.4908954287541
Turkiye,2008,63.5375741704998
Turkiye,2007,61.3731815633397
Turkiye,2006,60.8507254652715
Turkiye,2005,59.6686367917604
Turkiye,2004,59.8412127477924
Turkiye,2003,
Turkiye,2002,
Turkiye,2001,
Turkiye,2000,
Turkiye,1999,
Turkiye,1998,
Uganda,2023,
Uganda,2022,
Uganda,2021,
Uganda,2020,
Uganda,2019,
Uganda,2018,
Uganda,2017,
Uganda,2016,3.77055122408159
Uganda,2015,
Uganda,2014,
Uganda,2013,
Uganda,2012,35.3773983148347
Uganda,2011-21W,
Uganda,2011-21S,
Uganda,2011,
Uganda,2010,
Uganda,2009,8.82895719373084
Uganda,2008,
Uganda,2007,
Uganda,2006,
Uganda,2005,11.7585457457649
Uganda,2004,
Uganda,2003,
Uganda,2002,
Uganda,2001,
Uganda,2000,
Uganda,1999,
Uganda,1998,
Ukraine,2023,
Ukraine,2022,
Ukraine,2021,
Ukraine,2020,53.1717098529774
Ukraine,2019,62.7463781875489
Ukraine,2018,71.4042396447248
Ukraine,2017,75.9186862619347
Ukraine,2016,60.9225349882722
Ukraine,2015,61.3989765646752
Ukraine,2014,
Ukraine,2013,60.5405570184237
Ukraine,2012,64.0140161293942
Ukraine,2011-21W,
Ukraine,2011-21S,
Ukraine,2011,64.1172822713923
Ukraine,2010,
Ukraine,2009,
Ukraine,2008,
Ukraine,2007,
Ukraine,2006,60.6485245819968
Ukraine,2005,
Ukraine,2004,
Ukraine,2003,
Ukraine,2002,
Ukraine,2001,
Ukraine,2000,
Ukraine,1999,
Ukraine,1998,
Uruguay,2023,
Uruguay,2022,60.5887881763973
Uruguay,2021,60.9926996588283
Uruguay,2020,59.7431847307314
Uruguay,2019,60.5671550541349
Uruguay,2018,58.9320709613558
Uruguay,2017,58.7444209453142
Uruguay,2016,59.8600214467038
Uruguay,2015,60.3586085526553
Uruguay,2014,
Uruguay,2013,
Uruguay,2012,62.4686450698287
Uruguay,2011-21W,
Uruguay,2011-21S,
Uruguay,2011,60.8787707365455
Uruguay,2010,63.4982264475351
Uruguay,2009,59.878619164733
Uruguay,2008,60.5628011885243
Uruguay,2007,
Uruguay,2006,
Uruguay,2005,
Uruguay,2004,
Uruguay,2003,
Uruguay,2002,
Uruguay,2001,
Uruguay,2000,
Uruguay,1999,
Uruguay,1998,
Uzbekistan,2023,
Uzbekistan,2022,
Uzbekistan,2021,
Uzbekistan,2020,
Uzbekistan,2019,
Uzbekistan,2018,22.3276134041351
Uzbekistan,2017,
Uzbekistan,2016,
Uzbekistan,2015,
Uzbekistan,2014,
Uzbekistan,2013,
Uzbekistan,2012,
Uzbekistan,2011-21W,
Uzbekistan,2011-21S,
Uzbekistan,2011,
Uzbekistan,2010,
Uzbekistan,2009,
Uzbekistan,2008,
Uzbekistan,2007,
Uzbekistan,2006,
Uzbekistan,2005,
Uzbekistan,2004,
Uzbekistan,2003,
Uzbekistan,2002,
Uzbekistan,2001,
Uzbekistan,2000,
Uzbekistan,1999,
Uzbekistan,1998,
Vanuatu,2023,
Vanuatu,2022,
Vanuatu,2021,
Vanuatu,2020,
Vanuatu,2019,57.7893121412386
Vanuatu,2018,
Vanuatu,2017,
Vanuatu,2016,
Vanuatu,2015,
Vanuatu,2014,
Vanuatu,2013,
Vanuatu,2012,
Vanuatu,2011-21W,
Vanuatu,2011-21S,
Vanuatu,2011,
Vanuatu,2010,
Vanuatu,2009,
Vanuatu,2008,
Vanuatu,2007,
Vanuatu,2006,
Vanuatu,2005,
Vanuatu,2004,
Vanuatu,2003,
Vanuatu,2002,
Vanuatu,2001,
Vanuatu,2000,
Vanuatu,1999,
Vanuatu,1998,
"Venezuela, RB",2023,
"Venezuela, RB",2022,
"Venezuela, RB",2021,
"Venezuela, RB",2020,
"Venezuela, RB",2019,
"Venezuela, RB",2018,
"Venezuela, RB",2017,
"Venezuela, RB",2016,
"Venezuela, RB",2015,
"Venezuela, RB",2014,
"Venezuela, RB",2013,
"Venezuela, RB",2012,
"Venezuela, RB",2011-21W,
"Venezuela, RB",2011-21S,
"Venezuela, RB",2011,
"Venezuela, RB",2010,
"Venezuela, RB",2009,
"Venezuela, RB",2008,
"Venezuela, RB",2007,
"Venezuela, RB",2006,22.8596810752836
"Venezuela, RB",2005,
"Venezuela, RB",2004,
"Venezuela, RB",2003,
"Venezuela, RB",2002,
"Venezuela, RB",2001,
"Venezuela, RB",2000,
"Venezuela, RB",1999,
"Venezuela, RB",1998,
Viet Nam,2023,
Viet Nam,2022,
Viet Nam,2021,
Viet Nam,2020,88.9830225059176
Viet Nam,2019,
Viet Nam,2018,17.5505250690204
Viet Nam,2017,
Viet Nam,2016,
Viet Nam,2015,
Viet Nam,2014,36.928041000743
Viet Nam,2013,
Viet Nam,2012,36.1690718243029
Viet Nam,2011-21W,
Viet Nam,2011-21S,
Viet Nam,2011,
Viet Nam,2010,52.0473342305958
Viet Nam,2009,
Viet Nam,2008,
Viet Nam,2007,
Viet Nam,2006,41.2631531301572
Viet Nam,2005,
Viet Nam,2004,
Viet Nam,2003,
Viet Nam,2002,
Viet Nam,2001,
Viet Nam,2000,
Viet Nam,1999,
Viet Nam,1998,
West Bank and Gaza,2023,
West Bank and Gaza,2022,
West Bank and Gaza,2021,
West Bank and Gaza,2020,
West Bank and Gaza,2019,
West Bank and Gaza,2018,
West Bank and Gaza,2017,
West Bank and Gaza,2016,10.8492242105552
West Bank and Gaza,2015,
West Bank and Gaza,2014,
West Bank and Gaza,2013,
West Bank and Gaza,2012,
West Bank and Gaza,2011-21W,
West Bank and Gaza,2011-21S,
West Bank and Gaza,2011,
West Bank and Gaza,2010,
West Bank and Gaza,2009,3.07236493509874
West Bank and Gaza,2008,
West Bank and Gaza,2007,2.59443642556975
West Bank and Gaza,2006,
West Bank and Gaza,2005,
West Bank and Gaza,2004,
West Bank and Gaza,2003,
West Bank and Gaza,2002,
West Bank and Gaza,2001,
West Bank and Gaza,2000,
West Bank and Gaza,1999,
West Bank and Gaza,1998,
"Yemen, Rep.",2023,
"Yemen, Rep.",2022,
"Yemen, Rep.",2021,
"Yemen, Rep.",2020,
"Yemen, Rep.",2019,
"Yemen, Rep.",2018,
"Yemen, Rep.",2017,
"Yemen, Rep.",2016,
"Yemen, Rep.",2015,
"Yemen, Rep.",2014,34.3410497845485
"Yemen, Rep.",2013,
"Yemen, Rep.",2012,
"Yemen, Rep.",2011-21W,
"Yemen, Rep.",2011-21S,
"Yemen, Rep.",2011,
"Yemen, Rep.",2010,
"Yemen, Rep.",2009,
"Yemen, Rep.",2008,
"Yemen, Rep.",2007,
"Yemen, Rep.",2006,
"Yemen, Rep.",2005,18.8279046785025
"Yemen, Rep.",2004,
"Yemen, Rep.",2003,
"Yemen, Rep.",2002,
"Yemen, Rep.",2001,
"Yemen, Rep.",2000,
"Yemen, Rep.",1999,
"Yemen, Rep.",1998,
Zambia,2023,
Zambia,2022,
Zambia,2021,
Zambia,2020,
Zambia,2019,
Zambia,2018,
Zambia,2017,
Zambia,2016,
Zambia,2015,4.19450433724607
Zambia,2014,
Zambia,2013,
Zambia,2012,
Zambia,2011-21W,
Zambia,2011-21S,
Zambia,2011,
Zambia,2010,3.68531435704539
Zambia,2009,
Zambia,2008,
Zambia,2007,
Zambia,2006,
Zambia,2005,
Zambia,2004,
Zambia,2003,
Zambia,2002,
Zambia,2001,
Zambia,2000,
Zambia,1999,
Zambia,1998,
Zimbabwe,2023,
Zimbabwe,2022,
Zimbabwe,2021,
Zimbabwe,2020,
Zimbabwe,2019,24.2817077636719
Zimbabwe,2018,
Zimbabwe,2017,14.0400476053987
Zimbabwe,2016,
Zimbabwe,2015,
Zimbabwe,2014,
Zimbabwe,2013,
Zimbabwe,2012,
Zimbabwe,2011-21W,
Zimbabwe,2011-21S,
Zimbabwe,2011,17.9875240325928
Zimbabwe,2010,
Zimbabwe,2009,
Zimbabwe,2008,
Zimbabwe,2007,15.0795739415584
Zimbabwe,2006,
Zimbabwe,2005,
Zimbabwe,2004,
Zimbabwe,2003,
Zimbabwe,2002,
Zimbabwe,2001,
Zimbabwe,2000,
Zimbabwe,1999,
Zimbabwe,1998,
